0,C
1,B
2,B
3,B
4,B
5,A
6,B
7,B
8,B
9,B
10,B
11,A
12,B
13,B
14,B
15,B
16,B
17,B
18,B
19,B
20,D
21,B
22,B
23,B
24,C
25,B
26,A
27,B
28,B
29,B
30,B
31,B
32,B
33,B
34,A
35,B
36,A
37,B
38,B
39,B
40,B
41,B
42,B
43,B
44,B
45,B
46,B
47,B
48,C
49,A
50,B
51,B
52,C
53,B
54,B
55,B
56,B
57,B
58,B
59,A
60,B
61,B
62,B
63,B
64,B
65,B
66,B
67,B
68,B
69,A
70,B
71,B
72,B
73,A
74,B
75,D
76,B
77,B
78,B
79,B
80,B
81,B
82,A
83,B
84,B
85,B
86,B
87,B
88,B
89,B
90,B
91,B
92,B
93,B
94,B
95,B
96,B
97,B
98,B
99,B
100,A
101,B
102,B
103,B
104,B
105,C
106,A
107,B
108,B
109,A
110,C
111,A
112,B
113,B
114,B
115,B
116,B
117,A
118,B
119,B
120,B
121,A
122,A
123,B
124,B
125,B
126,B
127,B
128,A
129,B
130,B
131,A
132,B
133,A
134,B
135,A
136,B
137,B
138,B
139,B
140,D
141,B
142,B
143,A
144,B
145,B
146,A
147,B
148,B
149,B
150,B
151,B
152,B
153,A
154,B
155,B
156,B
157,A
158,B
159,A
160,A
161,B
162,B
163,A
164,B
165,B
166,B
167,B
168,B
169,B
170,A
171,B
172,C
173,B
174,B
175,B
176,B
177,B
178,B
179,A
180,B
181,B
182,B
183,B
184,B
185,B
186,A
187,B
188,A
189,B
190,B
191,B
192,B
193,B
194,B
195,B
196,B
197,B
198,B
199,A
200,B
201,B
202,B
203,B
204,B
205,B
206,B
207,B
208,B
209,B
210,B
211,B
212,C
213,B
214,A
215,A
216,B
217,B
218,C
219,B
220,B
221,B
222,A
223,B
224,B
225,B
226,B
227,B
228,B
229,C
230,B
231,B
232,B
233,A
234,B
235,C
236,B
237,B
238,D
239,B
240,B
241,A
242,B
243,B
244,B
245,B
246,B
247,B
248,D
249,B
250,B
251,B
252,B
253,B
254,B
255,B
256,B
257,B
258,B
259,B
260,B
261,B
262,B
263,B
264,B
265,B
266,B
267,B
268,B
269,B
270,B
271,B
272,A
273,A
274,A
275,B
276,A
277,B
278,C
279,B
280,B
281,B
282,A
283,A
284,A
285,B
286,B
287,B
288,A
289,A
290,C
291,B
292,B
293,C
294,B
295,B
296,B
297,B
298,B
299,A
300,B
301,B
302,B
303,B
304,B
305,A
306,B
307,B
308,C
309,B
310,A
311,B
312,B
313,B
314,A
315,B
316,B
317,A
318,B
319,B
320,A
321,C
322,B
323,B
324,B
325,B
326,B
327,B
328,B
329,B
330,B
331,A
332,B
333,B
334,B
335,A
336,B
337,B
338,B
339,B
340,B
341,A
342,B
343,D
344,B
345,B
346,B
347,B
348,B
349,D
350,A
351,B
352,B
353,B
354,B
355,B
356,A
357,A
358,B
359,B
360,B
361,B
362,A
363,C
364,B
365,A
366,B
367,B
368,A
369,B
370,B
371,B
372,B
373,B
374,B
375,B
376,B
377,B
378,B
379,B
380,A
381,B
382,B
383,B
384,A
385,B
386,B
387,B
388,B
389,B
390,B
391,C
392,B
393,B
394,B
395,B
396,B
397,A
398,B
399,B
400,B
401,B
402,A
403,A
404,B
405,B
406,B
407,B
408,B
409,B
410,A
411,B
412,B
413,A
414,A
415,B
416,A
417,B
418,B
419,B
420,B
421,B
422,B
423,B
424,A
425,B
426,B
427,A
428,A
429,B
430,C
431,B
432,B
433,B
434,B
435,B
436,B
437,B
438,A
439,B
440,B
441,A
442,B
443,A
444,B
445,A
446,B
447,B
448,B
449,A
450,B
451,C
452,B
453,A
454,B
455,A
456,B
457,B
458,B
459,B
460,B
461,B
462,B
463,A
464,B
465,A
466,B
467,B
468,B
469,B
470,B
471,A
472,B
473,A
474,B
475,A
476,C
477,B
478,A
479,A
480,A
481,B
482,B
483,A
484,A
485,A
486,B
487,A
488,A
489,A
490,B
491,B
492,B
493,A
494,A
495,A
496,B
497,B
498,A
499,A
500,B
501,A
502,A
503,A
504,B
505,B
506,C
507,A
508,B
509,A
510,B
511,A
512,A
513,A
514,A
515,A
516,A
517,B
518,B
519,A
520,C
521,D
522,A
523,A
524,A
525,B
526,A
527,B
528,B
529,B
530,A
531,B
532,A
533,A
534,B
535,C
536,A
537,A
538,A
539,B
540,A
541,A
542,B
543,A
544,A
545,A
546,B
547,A
548,B
549,A
550,B
551,B
552,A
553,A
554,A
555,A
556,B
557,A
558,B
559,A
560,B
561,A
562,B
563,A
564,A
565,B
566,B
567,A
568,A
569,A
570,B
571,A
572,A
573,B
574,A
575,A
576,A
577,B
578,C
579,A
580,B
581,A
582,B
583,A
584,B
585,A
586,C
587,A
588,B
589,B
590,A
591,A
592,A
593,B
594,A
595,A
596,B
597,A
598,A
599,A
600,B
601,B
602,A
603,A
604,A
605,C
606,D
607,A
608,A
609,A
610,B
611,B
612,C
613,B
614,A
615,B
616,A
617,A
618,A
619,A
620,A
621,A
622,B
623,B
624,A
625,A
626,A
627,B
628,B
629,C
630,A
631,A
632,A
633,A
634,A
635,B
636,A
637,A
638,B
639,A
640,B
641,B
642,B
643,A
644,B
645,B
646,B
647,A
648,B
649,A
650,A
651,A
652,A
653,A
654,B
655,A
656,A
657,A
658,A
659,A
660,A
661,A
662,D
663,C
664,A
665,B
666,B
667,C
668,A
669,B
670,B
671,A
672,B
673,C
674,A
675,B
676,A
677,A
678,B
679,A
680,A
681,A
682,B
683,B
684,A
685,A
686,B
687,A
688,A
689,B
690,B
691,D
692,A
693,A
694,A
695,B
696,A
697,B
698,A
699,A
700,A
701,A
702,B
703,A
704,A
705,A
706,B
707,A
708,B
709,A
710,A
711,B
712,A
713,A
714,C
715,A
716,B
717,A
718,A
719,B
720,B
721,A
722,C
723,A
724,A
725,A
726,B
727,A
728,A
729,B
730,B
731,A
732,A
733,A
734,A
735,A
736,B
737,A
738,A
739,B
740,A
741,A
742,A
743,D
744,A
745,A
746,C
747,B
748,A
749,B
750,B
751,B
752,B
753,A
754,A
755,B
756,B
757,A
758,A
759,A
760,A
761,B
762,A
763,A
764,A
765,B
766,A
767,B
768,B
769,A
770,B
771,A
772,B
773,B
774,A
775,B
776,A
777,A
778,B
779,B
780,A
781,A
782,A
783,A
784,B
785,C
786,A
787,B
788,A
789,A
790,A
791,B
792,A
793,B
794,B
795,B
796,A
797,A
798,A
799,A
800,C
801,B
802,A
803,A
804,B
805,B
806,A
807,B
808,A
809,A
810,C
811,A
812,A
813,A
814,A
815,B
816,B
817,A
818,C
819,D
820,A
821,A
822,A
823,A
824,A
825,B
826,C
827,B
828,A
829,B
830,B
831,C
832,A
833,A
834,B
835,B
836,A
837,A
838,B
839,A
840,B
841,A
842,A
843,A
844,A
845,B
846,A
847,B
848,A
849,B
850,A
851,A
852,B
853,B
854,B
855,A
856,A
857,B
858,A
859,B
860,B
861,B
862,A
863,A
864,A
865,A
866,A
867,B
868,B
869,B
870,B
871,A
872,B
873,A
874,A
875,A
876,B
877,C
878,B
879,A
880,B
881,A
882,A
883,B
884,A
885,B
886,B
887,B
888,B
889,A
890,B
891,A
892,A
893,B
894,B
895,B
896,A
897,A
898,A
899,B
900,B
901,A
902,B
903,B
904,A
905,B
906,B
907,A
908,B
909,B
910,B
911,B
912,D
913,B
914,A
915,A
916,A
917,B
918,A
919,A
920,A
921,A
922,A
923,A
924,A
925,A
926,A
927,C
928,A
929,A
930,A
931,C
932,B
933,A
934,A
935,A
936,A
937,A
938,C
939,A
940,C
941,A
942,A
943,B
944,C
945,A
946,A
947,B
948,C
949,B
950,A
951,A
952,B
953,B
954,A
955,B
956,B
957,A
958,A
959,A
960,A
961,A
962,A
963,A
964,A
965,C
966,C
967,B
968,C
969,A
970,C
971,A
972,A
973,A
974,A
975,A
976,A
977,A
978,B
979,B
980,A
981,B
982,A
983,B
984,A
985,A
986,A
987,B
988,A
989,A
990,A
991,C
992,A
993,B
994,A
995,B
996,A
997,A
998,A
999,B
1000,A
1001,B
1002,B
1003,B
1004,B
1005,A
1006,A
1007,A
1008,B
1009,A
1010,C
1011,A
1012,A
1013,A
1014,A
1015,A
1016,A
1017,A
1018,B
1019,A
1020,A
1021,B
1022,B
1023,A
1024,A
1025,A
1026,A
1027,B
1028,A
1029,A
1030,D
1031,A
1032,A
1033,B
1034,B
1035,B
1036,B
1037,C
1038,A
1039,A
1040,B
1041,A
1042,B
1043,A
1044,D
1045,B
1046,C
1047,A
1048,B
1049,A
1050,A
1051,C
1052,B
1053,A
1054,C
1055,A
1056,A
1057,C
1058,A
1059,A
1060,A
1061,A
1062,A
1063,A
1064,A
1065,A
1066,B
1067,A
1068,A
1069,A
1070,A
1071,A
1072,A
1073,B
1074,B
1075,B
1076,A
1077,A
1078,A
1079,A
1080,B
1081,A
1082,B
1083,B
1084,A
1085,B
1086,C
1087,A
1088,A
1089,B
1090,A
1091,B
1092,A
1093,B
1094,B
1095,B
1096,A
1097,A
1098,A
1099,A
1100,B
1101,B
1102,A
1103,A
1104,B
1105,A
1106,B
1107,A
1108,C
1109,A
1110,A
1111,A
1112,B
1113,A
1114,D
1115,A
1116,A
1117,A
1118,B
1119,A
1120,D
1121,B
1122,C
1123,A
1124,A
1125,A
1126,C
1127,A
1128,D
1129,A
1130,A
1131,B
1132,A
1133,B
1134,B
1135,D
1136,A
1137,A
1138,C
1139,A
1140,B
1141,C
1142,B
1143,A
1144,A
1145,B
1146,B
1147,A
1148,C
1149,A
1150,B
1151,C
1152,A
1153,A
1154,B
1155,B
1156,B
1157,A
1158,B
1159,A
1160,A
1161,A
1162,A
1163,B
1164,A
1165,B
1166,A
1167,A
1168,D
1169,B
1170,A
1171,D
1172,B
1173,B
1174,A
1175,A
1176,A
1177,B
1178,A
1179,A
1180,A
1181,A
1182,A
1183,B
1184,D
1185,A
1186,B
1187,B
1188,B
1189,B
1190,A
1191,B
1192,A
1193,B
1194,A
1195,A
1196,A
1197,C
1198,B
1199,C
1200,C
1201,A
1202,C
1203,B
1204,B
1205,C
1206,A
1207,B
1208,A
1209,A
1210,B
1211,B
1212,B
1213,A
1214,C
1215,A
1216,B
1217,A
1218,B
1219,A
1220,A
1221,A
1222,A
1223,D
1224,A
1225,A
1226,B
1227,A
1228,A
1229,B
1230,B
1231,B
1232,A
1233,A
1234,A
1235,A
1236,A
1237,B
1238,B
1239,B
1240,D
1241,A
1242,A
1243,A
1244,A
1245,A
1246,C
1247,A
1248,A
1249,B
1250,C
1251,C
1252,C
1253,A
1254,B
1255,A
1256,A
1257,A
1258,A
1259,A
1260,A
1261,B
1262,A
1263,D
1264,B
1265,B
1266,A
1267,A
1268,A
1269,B
1270,B
1271,B
1272,B
1273,A
1274,A
1275,B
1276,A
1277,A
1278,C
1279,A
1280,A
1281,A
1282,C
1283,A
1284,A
1285,B
1286,B
1287,C
1288,A
1289,A
1290,A
1291,C
1292,A
1293,A
1294,A
1295,A
1296,C
1297,A
1298,A
1299,D
1300,B
1301,A
1302,C
1303,A
1304,A
1305,C
1306,A
1307,C
1308,A
1309,A
1310,B
1311,A
1312,A
1313,A
1314,A
1315,A
1316,B
1317,B
1318,A
1319,B
1320,A
1321,B
1322,A
1323,A
1324,B
1325,B
1326,A
1327,A
1328,A
1329,B
1330,A
1331,B
1332,A
1333,A
1334,A
1335,A
1336,D
1337,A
1338,A
1339,B
1340,A
1341,B
1342,B
1343,C
1344,A
1345,A
1346,C
1347,B
1348,A
1349,A
1350,C
1351,D
1352,A
1353,A
1354,A
1355,A
1356,B
1357,A
1358,A
1359,A
1360,D
1361,A
1362,A
1363,A
1364,A
1365,A
1366,A
1367,A
1368,A
1369,A
1370,A
1371,B
1372,A
1373,C
1374,A
1375,A
1376,A
1377,A
1378,B
1379,D
1380,A
1381,A
1382,A
1383,C
1384,B
1385,D
1386,D
1387,A
1388,C
1389,C
1390,A
1391,A
1392,B
1393,A
1394,A
1395,A
1396,A
1397,B
1398,C
1399,A
1400,B
1401,C
1402,A
1403,B
1404,B
1405,B
1406,A
1407,B
1408,A
1409,A
1410,B
1411,B
1412,B
1413,C
1414,B
1415,A
1416,C
1417,A
1418,A
1419,B
1420,C
1421,A
1422,A
1423,B
1424,C
1425,A
1426,C
1427,D
1428,A
1429,A
1430,C
1431,A
1432,A
1433,A
1434,A
1435,A
1436,B
1437,B
1438,B
1439,A
1440,A
1441,A
1442,B
1443,A
1444,A
1445,A
1446,A
1447,C
1448,A
1449,A
1450,C
1451,C
1452,C
1453,B
1454,D
1455,C
1456,A
1457,D
1458,A
1459,C
1460,A
1461,A
1462,A
1463,C
1464,A
1465,A
1466,A
1467,B
1468,A
1469,B
1470,B
1471,A
1472,B
1473,A
1474,B
1475,A
1476,A
1477,A
1478,B
1479,B
1480,A
1481,B
1482,A
1483,A
1484,C
1485,A
1486,B
1487,C
1488,C
1489,A
1490,A
1491,D
1492,A
1493,A
1494,A
1495,A
1496,A
1497,B
1498,B
1499,C
1500,A
1501,C
1502,D
1503,A
1504,B
1505,A
1506,D
1507,A
1508,A
1509,A
1510,A
1511,B
1512,B
1513,A
1514,A
1515,B
1516,B
1517,A
1518,A
1519,B
1520,A
1521,A
1522,A
1523,A
1524,C
1525,A
1526,B
1527,B
1528,B
1529,A
1530,B
1531,A
1532,D
1533,A
1534,C
1535,A
1536,A
1537,A
1538,A
1539,A
1540,A
1541,A
1542,A
1543,A
1544,A
1545,C
1546,C
1547,C
1548,A
1549,A
1550,C
1551,A
1552,A
1553,A
1554,B
1555,A
1556,D
1557,A
1558,A
1559,C
1560,C
1561,A
1562,A
1563,A
1564,B
1565,A
1566,A
1567,C
1568,B
1569,A
1570,B
1571,C
1572,B
1573,D
1574,A
1575,C
1576,A
1577,A
1578,A
1579,A
1580,B
1581,B
1582,C
1583,B
1584,A
1585,D
1586,B
1587,B
1588,B
1589,A
1590,A
1591,A
1592,C
1593,A
1594,B
1595,C
1596,B
1597,A
1598,A
1599,A
1600,A
1601,A
1602,D
1603,A
1604,B
1605,A
1606,A
1607,A
1608,A
1609,B
1610,A
1611,B
1612,A
1613,A
1614,B
1615,A
1616,D
1617,C
1618,A
1619,C
1620,A
1621,B
1622,A
1623,A
1624,B
1625,A
1626,A
1627,C
1628,B
1629,C
1630,B
1631,B
1632,B
1633,C
1634,A
1635,B
1636,A
1637,A
1638,C
1639,D
1640,A
1641,C
1642,C
1643,B
1644,D
1645,A
1646,A
1647,A
1648,D
1649,A
1650,B
1651,A
1652,A
1653,C
1654,A
1655,B
1656,C
1657,A
1658,A
1659,A
1660,B
1661,B
1662,B
1663,B
1664,A
1665,C
1666,B
1667,B
1668,C
1669,D
1670,D
1671,A
1672,A
1673,B
1674,A
1675,A
1676,A
1677,A
1678,B
1679,A
1680,A
1681,A
1682,A
1683,A
1684,A
1685,A
1686,C
1687,A
1688,B
1689,A
1690,B
1691,A
1692,A
1693,B
1694,A
1695,A
1696,A
1697,B
1698,A
1699,A
1700,A
1701,D
1702,A
1703,D
1704,A
1705,A
1706,B
1707,C
1708,C
1709,A
1710,A
1711,A
1712,A
1713,A
1714,C
1715,A
1716,A
1717,A
1718,A
1719,A
1720,C
1721,A
1722,A
1723,B
1724,A
1725,A
1726,A
1727,A
1728,B
1729,B
1730,C
1731,A
1732,A
1733,B
1734,B
1735,A
1736,C
1737,A
1738,B
1739,A
1740,A
1741,C
1742,C
1743,A
1744,D
1745,C
1746,D
1747,B
1748,B
1749,D
1750,A
1751,B
1752,A
1753,A
1754,A
1755,B
1756,B
1757,A
1758,A
1759,A
1760,A
1761,B
1762,D
1763,A
1764,A
1765,A
1766,A
1767,A
1768,B
1769,A
1770,A
1771,D
1772,A
1773,B
1774,A
1775,B
1776,B
1777,B
1778,A
1779,A
1780,B
1781,B
1782,D
1783,C
1784,A
1785,B
1786,A
1787,B
1788,B
1789,B
1790,A
1791,B
1792,A
1793,B
1794,B
1795,A
1796,B
1797,B
1798,A
1799,A
1800,A
1801,A
1802,A
1803,B
1804,A
1805,A
1806,A
1807,B
1808,A
1809,C
1810,A
1811,B
1812,D
1813,B
1814,A
1815,C
1816,B
1817,A
1818,A
1819,A
1820,A
1821,A
1822,C
1823,A
1824,A
1825,A
1826,A
1827,A
1828,A
1829,B
1830,A
1831,B
1832,A
1833,A
1834,B
1835,A
1836,A
1837,A
1838,C
1839,B
1840,A
1841,C
1842,C
1843,A
1844,C
1845,A
1846,A
1847,A
1848,A
1849,C
1850,B
1851,B
1852,A
1853,A
1854,C
1855,A
1856,A
1857,A
1858,A
1859,A
1860,B
1861,A
1862,A
1863,B
1864,A
1865,B
1866,B
1867,A
1868,B
1869,A
1870,A
1871,A
1872,B
1873,A
1874,A
1875,B
1876,A
1877,A
1878,B
1879,B
1880,A
1881,A
1882,A
1883,A
1884,A
1885,A
1886,C
1887,B
1888,A
1889,B
1890,B
1891,A
1892,A
1893,A
1894,A
1895,A
1896,B
1897,A
1898,A
1899,A
1900,C
1901,D
1902,A
1903,A
1904,C
1905,A
1906,A
1907,A
1908,D
1909,A
1910,A
1911,B
1912,B
1913,A
1914,B
1915,B
1916,A
1917,A
1918,A
1919,A
1920,A
1921,D
1922,B
1923,A
1924,B
1925,A
1926,A
1927,A
1928,A
1929,A
1930,C
1931,A
1932,B
1933,A
1934,C
1935,A
1936,A
1937,B
1938,C
1939,A
1940,A
1941,B
1942,A
1943,A
1944,B
1945,A
1946,A
1947,A
1948,D
1949,B
1950,A
1951,A
1952,A
1953,A
1954,B
1955,A
1956,A
1957,B
1958,B
1959,A
1960,A
1961,A
1962,A
1963,A
1964,C
1965,A
1966,A
1967,A
1968,B
1969,A
1970,A
1971,A
1972,A
1973,B
1974,A
1975,B
1976,A
1977,A
1978,A
1979,B
1980,A
1981,D
1982,A
1983,A
1984,A
1985,A
1986,A
1987,A
1988,A
1989,B
1990,A
1991,A
1992,A
1993,A
1994,A
1995,A
1996,A
1997,A
1998,A
1999,B
2000,A
2001,A
2002,A
2003,A
2004,A
2005,A
2006,B
2007,A
2008,A
2009,A
2010,A
2011,B
2012,A
2013,B
2014,B
2015,A
2016,A
2017,A
2018,A
2019,A
2020,A
2021,B
2022,A
2023,A
2024,B
2025,B
2026,A
2027,A
2028,A
2029,B
2030,A
2031,A
2032,A
2033,B
2034,A
2035,B
2036,B
2037,A
2038,B
2039,A
2040,A
2041,D
2042,A
2043,A
2044,A
2045,B
2046,C
2047,A
2048,A
2049,A
2050,A
2051,A
2052,A
2053,A
2054,B
2055,A
2056,A
2057,D
2058,A
2059,B
2060,D
2061,A
2062,C
2063,B
2064,D
2065,A
2066,C
2067,A
2068,B
2069,C
2070,B
2071,A
2072,C
2073,A
2074,D
2075,A
2076,A
2077,A
2078,B
2079,B
2080,A
2081,A
2082,A
2083,B
2084,A
2085,B
2086,A
2087,A
2088,A
2089,A
2090,A
2091,A
2092,D
2093,B
2094,B
2095,C
2096,B
2097,C
2098,A
2099,A
2100,A
2101,A
2102,A
2103,C
2104,B
2105,A
2106,C
2107,A
2108,A
2109,C
2110,A
2111,A
2112,A
2113,B
2114,A
2115,A
2116,B
2117,A
2118,B
2119,A
2120,A
2121,B
2122,A
2123,A
2124,A
2125,C
2126,C
2127,C
2128,B
2129,A
2130,A
2131,A
2132,B
2133,A
2134,B
2135,A
2136,A
2137,B
2138,A
2139,B
2140,A
2141,B
2142,A
2143,B
2144,A
2145,B
2146,C
2147,A
2148,A
2149,B
2150,A
2151,C
2152,A
2153,A
2154,A
2155,A
2156,A
2157,A
2158,A
2159,A
2160,C
2161,B
2162,A
2163,A
2164,A
2165,A
2166,A
2167,A
2168,A
2169,A
2170,A
2171,B
2172,C
2173,A
2174,A
2175,A
2176,A
2177,A
2178,A
2179,A
2180,B
2181,A
2182,A
2183,A
2184,C
2185,A
2186,A
2187,A
2188,B
2189,B
2190,A
2191,A
2192,A
2193,B
2194,B
2195,B
2196,A
2197,C
2198,B
2199,A
2200,A
2201,B
2202,B
2203,A
2204,A
2205,A
2206,A
2207,A
2208,A
2209,A
2210,D
2211,A
2212,A
2213,B
2214,C
2215,C
2216,A
2217,A
2218,A
2219,B
2220,A
2221,B
2222,A
2223,D
2224,A
2225,B
2226,A
2227,C
2228,A
2229,C
2230,A
2231,A
2232,A
2233,A
2234,A
2235,A
2236,A
2237,C
2238,B
2239,A
2240,A
2241,A
2242,A
2243,B
2244,B
2245,A
2246,B
2247,A
2248,A
2249,A
2250,A
2251,A
2252,A
2253,A
2254,A
2255,A
2256,A
2257,A
2258,A
2259,C
2260,A
2261,B
2262,A
2263,B
2264,A
2265,B
2266,B
2267,A
2268,A
2269,B
2270,A
2271,B
2272,D
2273,A
2274,B
2275,C
2276,A
2277,A
2278,A
2279,C
2280,C
2281,A
2282,A
2283,B
2284,A
2285,A
2286,B
2287,C
2288,A
2289,A
2290,A
2291,A
2292,A
2293,A
2294,A
2295,A
2296,A
2297,B
2298,A
2299,A
2300,A
2301,B
2302,A
2303,A
2304,A
2305,B
2306,B
2307,B
2308,A
2309,B
2310,A
2311,C
2312,A
2313,B
2314,A
2315,A
2316,A
2317,A
2318,B
2319,A
2320,A
2321,B
2322,A
2323,A
2324,C
2325,A
2326,B
2327,D
2328,A
2329,A
2330,B
2331,A
2332,A
2333,B
2334,A
2335,A
2336,A
2337,D
2338,A
2339,A
2340,B
2341,A
2342,B
2343,B
2344,A
2345,B
2346,A
2347,A
2348,A
2349,B
2350,A
2351,A
2352,A
2353,A
2354,C
2355,A
2356,A
2357,B
2358,A
2359,B
2360,B
2361,A
2362,A
2363,B
2364,B
2365,B
2366,A
2367,A
2368,B
2369,A
2370,B
2371,A
2372,A
2373,A
2374,A
2375,A
2376,C
2377,A
2378,A
2379,C
2380,A
2381,A
2382,B
2383,A
2384,B
2385,B
2386,A
2387,A
2388,A
2389,A
2390,A
2391,A
2392,A
2393,A
2394,C
2395,A
2396,C
2397,B
2398,B
2399,B
2400,A
2401,A
2402,A
2403,B
2404,A
2405,A
2406,A
2407,A
2408,A
2409,B
2410,A
2411,B
2412,A
2413,A
2414,B
2415,A
2416,C
2417,A
2418,B
2419,A
2420,A
2421,A
2422,C
2423,A
2424,A
2425,A
2426,C
2427,A
2428,A
2429,A
2430,A
2431,A
2432,A
2433,B
2434,A
2435,A
2436,A
2437,C
2438,A
2439,A
2440,A
2441,C
2442,A
2443,A
2444,C
2445,A
2446,A
2447,B
2448,D
2449,A
2450,B
2451,A
2452,B
2453,A
2454,A
2455,B
2456,A
2457,A
2458,C
2459,A
2460,A
2461,A
2462,A
2463,A
2464,A
2465,B
2466,A
2467,C
2468,A
2469,A
2470,D
2471,A
2472,B
2473,B
2474,A
2475,B
2476,C
2477,B
2478,A
2479,B
2480,C
2481,A
2482,A
2483,A
2484,A
2485,A
2486,A
2487,B
2488,A
2489,C
2490,A
2491,A
2492,A
2493,B
2494,C
2495,A
2496,B
2497,B
2498,A
2499,A
2500,C
2501,A
2502,B
2503,A
2504,B
2505,A
2506,B
2507,C
2508,B
2509,A
2510,A
2511,C
2512,A
2513,D
2514,A
2515,A
2516,A
2517,B
2518,B
2519,A
2520,A
2521,A
2522,A
2523,A
2524,A
2525,A
2526,B
2527,A
2528,B
2529,A
2530,B
2531,A
2532,A
2533,B
2534,B
2535,A
2536,A
2537,A
2538,A
2539,D
2540,A
2541,A
2542,B
2543,A
2544,B
2545,A
2546,A
2547,A
2548,B
2549,A
2550,A
2551,A
2552,B
2553,A
2554,B
2555,B
2556,A
2557,A
2558,A
2559,C
2560,D
2561,C
2562,A
2563,C
2564,B
2565,C
2566,B
2567,B
2568,B
2569,A
2570,B
2571,A
2572,B
2573,C
2574,B
2575,A
2576,A
2577,A
2578,A
2579,A
2580,C
2581,A
2582,B
2583,A
2584,B
2585,C
2586,B
2587,C
2588,A
2589,A
2590,A
2591,B
2592,B
2593,B
2594,A
2595,A
2596,C
2597,B
2598,A
2599,C
2600,A
2601,D
2602,A
2603,B
2604,A
2605,A
2606,C
2607,D
2608,A
2609,B
2610,A
2611,A
2612,C
2613,D
2614,B
2615,C
2616,A
2617,C
2618,B
2619,A
2620,A
2621,A
2622,A
2623,B
2624,C
2625,A
2626,C
2627,A
2628,B
2629,B
2630,B
2631,B
2632,B
2633,B
2634,A
2635,A
2636,A
2637,A
2638,C
2639,A
2640,A
2641,A
2642,A
2643,C
2644,A
2645,A
2646,A
2647,B
2648,B
2649,A
2650,A
2651,A
2652,B
2653,B
2654,B
2655,B
2656,A
2657,A
2658,A
2659,A
2660,A
2661,A
2662,A
2663,A
2664,A
2665,A
2666,A
2667,A
2668,A
2669,A
2670,C
2671,A
2672,B
2673,A
2674,B
2675,A
2676,B
2677,A
2678,A
2679,A
2680,B
2681,A
2682,A
2683,A
2684,B
2685,B
2686,B
2687,A
2688,A
2689,B
2690,D
2691,A
2692,D
2693,A
2694,A
2695,A
2696,C
2697,A
2698,A
2699,A
2700,B
2701,B
2702,A
2703,A
2704,A
2705,A
2706,A
2707,A
2708,A
2709,A
2710,A
2711,A
2712,C
2713,A
2714,A
2715,B
2716,B
2717,A
2718,B
2719,B
2720,C
2721,B
2722,B
2723,A
2724,B
2725,A
2726,A
2727,A
2728,A
2729,C
2730,A
2731,A
2732,A
2733,B
2734,A
2735,A
2736,B
2737,A
2738,B
2739,A
2740,D
2741,A
2742,B
2743,A
2744,B
2745,A
2746,D
2747,A
2748,A
2749,A
2750,A
2751,B
2752,A
2753,A
2754,B
2755,A
2756,B
2757,A
2758,A
2759,A
2760,C
2761,A
2762,B
2763,B
2764,A
2765,A
2766,A
2767,A
2768,A
2769,B
2770,A
2771,A
2772,A
2773,A
2774,B
2775,A
2776,A
2777,D
2778,A
2779,C
2780,B
2781,A
2782,B
2783,A
2784,A
2785,A
2786,A
2787,A
2788,A
2789,A
2790,C
2791,B
2792,A
2793,C
2794,A
2795,B
2796,B
2797,A
2798,A
2799,B
2800,A
2801,A
2802,A
2803,C
2804,B
2805,A
2806,A
2807,A
2808,B
2809,A
2810,B
2811,C
2812,A
2813,B
2814,A
2815,A
2816,B
2817,A
2818,A
2819,A
2820,A
2821,A
2822,A
2823,D
2824,A
2825,A
2826,A
2827,D
2828,B
2829,A
2830,B
2831,C
2832,A
2833,A
2834,A
2835,C
2836,A
2837,B
2838,B
2839,A
2840,A
2841,A
2842,A
2843,A
2844,B
2845,B
2846,B
2847,A
2848,B
2849,A
2850,B
2851,C
2852,B
2853,A
2854,A
2855,B
2856,A
2857,A
2858,B
2859,A
2860,C
2861,A
2862,A
2863,B
2864,A
2865,A
2866,A
2867,A
2868,D
2869,A
2870,C
2871,B
2872,B
2873,A
2874,A
2875,A
2876,B
2877,A
2878,A
2879,B
2880,A
2881,A
2882,C
2883,A
2884,C
2885,A
2886,A
2887,B
2888,A
2889,A
2890,A
2891,C
2892,A
2893,A
2894,D
2895,A
2896,A
2897,A
2898,B
2899,B
2900,A
2901,B
2902,A
2903,A
2904,C
2905,B
2906,B
2907,A
2908,A
2909,B
2910,A
2911,A
2912,B
2913,A
2914,A
2915,B
2916,A
2917,A
2918,A
2919,A
2920,B
2921,B
2922,A
2923,B
2924,A
2925,A
2926,B
2927,A
2928,A
2929,A
2930,B
2931,A
2932,A
2933,B
2934,A
2935,B
2936,B
2937,A
2938,A
2939,D
2940,A
2941,A
2942,D
2943,C
2944,C
2945,A
2946,C
2947,A
2948,A
2949,A
2950,A
2951,B
2952,A
2953,A
2954,A
2955,B
2956,B
2957,A
2958,C
2959,C
2960,B
2961,A
2962,C
2963,C
2964,A
2965,A
2966,A
2967,A
2968,A
2969,A
2970,A
2971,B
2972,A
2973,A
2974,A
2975,A
2976,A
2977,A
2978,B
2979,A
2980,A
2981,B
2982,A
2983,C
2984,A
2985,A
2986,A
2987,B
2988,A
2989,B
2990,A
2991,A
2992,B
2993,A
2994,B
2995,C
2996,B
2997,B
2998,A
2999,A
3000,A
3001,A
3002,A
3003,A
3004,A
3005,A
3006,A
3007,A
3008,A
3009,A
3010,A
3011,B
3012,A
3013,A
3014,A
3015,A
3016,A
3017,C
3018,A
3019,A
3020,A
3021,B
3022,A
3023,A
3024,A
3025,A
3026,B
3027,C
3028,C
3029,A
3030,A
3031,A
3032,A
3033,B
3034,A
3035,A
3036,D
3037,B
3038,A
3039,B
3040,A
3041,B
3042,A
3043,A
3044,A
3045,B
3046,C
3047,A
3048,B
3049,B
3050,A
3051,C
3052,B
3053,C
3054,A
3055,A
3056,B
3057,B
3058,A
3059,B
3060,B
3061,A
3062,B
3063,A
3064,A
3065,A
3066,A
3067,A
3068,A
3069,A
3070,B
3071,B
3072,A
3073,B
3074,B
3075,B
3076,C
3077,B
3078,A
3079,A
3080,A
3081,A
3082,C
3083,A
3084,A
3085,A
3086,A
3087,A
3088,A
3089,C
3090,A
3091,A
3092,B
3093,B
3094,A
3095,A
3096,A
3097,B
3098,C
3099,C
3100,D
3101,B
3102,B
3103,A
3104,A
3105,B
3106,A
3107,C
3108,A
3109,A
3110,A
3111,A
3112,A
3113,A
3114,A
3115,A
3116,A
3117,B
3118,D
3119,A
3120,A
3121,A
3122,A
3123,A
3124,B
3125,A
3126,A
3127,A
3128,A
3129,C
3130,A
3131,C
3132,C
3133,A
3134,A
3135,B
3136,A
3137,D
3138,B
3139,B
3140,A
3141,A
3142,A
3143,A
3144,B
3145,A
3146,B
3147,C
3148,B
3149,B
3150,B
3151,A
3152,A
3153,D
3154,B
3155,A
3156,B
3157,A
3158,A
3159,B
3160,A
3161,A
3162,A
3163,A
3164,A
3165,A
3166,A
3167,A
3168,A
3169,A
3170,A
3171,B
3172,A
3173,A
3174,A
3175,A
3176,A
3177,A
3178,A
3179,B
3180,A
3181,A
3182,C
3183,A
3184,A
3185,B
3186,C
3187,B
3188,C
3189,B
3190,A
3191,A
3192,A
3193,A
3194,A
3195,A
3196,A
3197,A
3198,A
3199,A
3200,C
3201,C
3202,C
3203,B
3204,A
3205,A
3206,C
3207,A
3208,A
3209,B
3210,A
3211,B
3212,B
3213,A
3214,C
3215,B
3216,A
3217,B
3218,D
3219,A
3220,A
3221,A
3222,A
3223,C
3224,C
3225,C
3226,A
3227,A
3228,A
3229,A
3230,A
3231,B
3232,A
3233,A
3234,B
3235,A
3236,A
3237,A
3238,A
3239,A
3240,A
3241,A
3242,A
3243,A
3244,A
3245,A
3246,B
3247,C
3248,B
3249,A
3250,C
3251,B
3252,A
3253,A
3254,C
3255,A
3256,A
3257,B
3258,A
3259,A
3260,A
3261,A
3262,C
3263,A
3264,A
3265,B
3266,A
3267,B
3268,A
3269,D
3270,A
3271,A
3272,A
3273,A
3274,A
3275,D
3276,A
3277,A
3278,C
3279,A
3280,A
3281,B
3282,D
3283,B
3284,A
3285,A
3286,A
3287,A
3288,B
3289,A
3290,A
3291,A
3292,B
3293,A
3294,A
3295,A
3296,A
3297,A
3298,A
3299,C
3300,B
3301,B
3302,B
3303,A
3304,A
3305,A
3306,A
3307,B
3308,A
3309,C
3310,A
3311,A
3312,A
3313,B
3314,D
3315,A
3316,A
3317,A
3318,B
3319,A
3320,A
3321,A
3322,A
3323,C
3324,B
3325,B
3326,A
3327,A
3328,A
3329,A
3330,A
3331,C
3332,B
3333,A
3334,D
3335,A
3336,A
3337,A
3338,A
3339,B
3340,C
3341,C
3342,C
3343,A
3344,D
3345,B
3346,A
3347,B
3348,B
3349,A
3350,B
3351,B
3352,B
3353,A
3354,A
3355,A
3356,C
3357,D
3358,C
3359,C
3360,A
3361,A
3362,A
3363,A
3364,A
3365,A
3366,C
3367,B
3368,A
3369,A
3370,A
3371,B
3372,C
3373,A
3374,C
3375,A
3376,A
3377,A
3378,C
3379,B
3380,C
3381,A
3382,A
3383,B
3384,B
3385,A
3386,A
3387,A
3388,A
3389,A
3390,A
3391,A
3392,A
3393,A
3394,A
3395,A
3396,A
3397,B
3398,A
3399,B
3400,B
3401,C
3402,D
3403,B
3404,B
3405,A
3406,A
3407,B
3408,D
3409,B
3410,B
3411,B
3412,C
3413,A
3414,B
3415,A
3416,A
3417,A
3418,D
3419,A
3420,B
3421,A
3422,A
3423,A
3424,A
3425,C
3426,D
3427,A
3428,D
3429,A
3430,B
3431,B
3432,A
3433,A
3434,C
3435,B
3436,A
3437,A
3438,A
3439,C
3440,B
3441,A
3442,A
3443,A
3444,C
3445,A
3446,A
3447,D
3448,D
3449,D
3450,A
3451,B
3452,A
3453,A
3454,A
3455,A
3456,A
3457,C
3458,A
3459,A
3460,A
3461,C
3462,B
3463,A
3464,A
3465,A
3466,B
3467,D
3468,B
3469,A
3470,C
3471,A
3472,B
3473,B
3474,B
3475,A
3476,C
3477,A
3478,A
3479,A
3480,A
3481,A
3482,A
3483,B
3484,D
3485,A
3486,B
3487,A
3488,B
3489,A
3490,A
3491,A
3492,A
3493,B
3494,A
3495,C
3496,A
3497,A
3498,A
3499,C
3500,D
3501,A
3502,B
3503,C
3504,B
3505,A
3506,C
3507,C
3508,C
3509,A
3510,A
3511,A
3512,A
3513,A
3514,A
3515,A
3516,B
3517,A
3518,A
3519,D
3520,C
3521,B
3522,A
3523,A
3524,A
3525,D
3526,D
3527,A
3528,A
3529,D
3530,A
3531,A
3532,B
3533,A
3534,A
3535,A
3536,A
3537,A
3538,B
3539,C
3540,B
3541,B
3542,A
3543,C
3544,A
3545,A
3546,A
3547,B
3548,A
3549,C
3550,C
3551,A
3552,A
3553,C
3554,A
3555,A
3556,B
3557,A
3558,C
3559,C
3560,A
3561,A
3562,B
3563,D
3564,C
3565,C
3566,B
3567,B
3568,B
3569,B
3570,A
3571,A
3572,B
3573,A
3574,B
3575,A
3576,A
3577,B
3578,A
3579,A
3580,A
3581,A
3582,A
3583,B
3584,C
3585,B
3586,A
3587,A
3588,C
3589,A
3590,C
3591,A
3592,A
3593,A
3594,B
3595,D
3596,A
3597,A
3598,C
3599,A
3600,A
3601,B
3602,A
3603,A
3604,D
3605,C
3606,B
3607,C
3608,B
3609,B
3610,B
3611,B
3612,B
3613,B
3614,A
3615,A
3616,A
3617,A
3618,A
3619,A
3620,C
3621,B
3622,B
3623,A
3624,A
3625,A
3626,A
3627,B
3628,A
3629,A
3630,A
3631,A
3632,C
3633,B
3634,A
3635,B
3636,B
3637,B
3638,B
3639,B
3640,A
3641,B
3642,C
3643,A
3644,B
3645,A
3646,A
3647,A
3648,A
3649,B
3650,A
3651,A
3652,A
3653,A
3654,B
3655,B
3656,A
3657,A
3658,A
3659,A
3660,A
3661,A
3662,A
3663,C
3664,B
3665,A
3666,A
3667,A
3668,D
3669,A
3670,A
3671,B
3672,A
3673,A
3674,A
3675,A
3676,A
3677,C
3678,A
3679,A
3680,B
3681,A
3682,A
3683,A
3684,B
3685,A
3686,D
3687,A
3688,A
3689,A
3690,A
3691,B
3692,C
3693,A
3694,A
3695,C
3696,C
3697,D
3698,B
3699,A
3700,C
3701,C
3702,A
3703,A
3704,B
3705,A
3706,C
3707,C
3708,C
3709,A
3710,B
3711,D
3712,C
3713,A
3714,C
3715,B
3716,C
3717,C
3718,A
3719,A
3720,A
3721,B
3722,A
3723,A
3724,A
3725,A
3726,A
3727,A
3728,A
3729,B
3730,A
3731,A
3732,A
3733,B
3734,B
3735,B
3736,C
3737,A
3738,A
3739,B
3740,C
3741,A
3742,A
3743,A
3744,A
3745,A
3746,C
3747,B
3748,C
3749,A
3750,A
3751,D
3752,B
3753,A
3754,A
3755,C
3756,A
3757,A
3758,A
3759,A
3760,B
3761,B
3762,A
3763,B
3764,C
3765,A
3766,B
3767,B
3768,B
3769,B
3770,B
3771,B
3772,A
3773,D
3774,A
3775,C
3776,B
3777,C
3778,A
3779,B
3780,B
3781,B
3782,B
3783,A
3784,A
3785,B
3786,A
3787,A
3788,D
3789,B
3790,A
3791,C
3792,B
3793,A
3794,B
3795,B
3796,A
3797,B
3798,A
3799,B
3800,A
3801,A
3802,A
3803,C
3804,A
3805,A
3806,A
3807,A
3808,B
3809,A
3810,B
3811,C
3812,A
3813,C
3814,C
3815,A
3816,C
3817,B
3818,D
3819,B
3820,D
3821,B
3822,D
3823,A
3824,C
3825,D
3826,A
3827,C
3828,A
3829,C
3830,A
3831,A
3832,A
3833,A
3834,B
3835,A
3836,C
3837,A
3838,A
3839,B
3840,B
3841,A
3842,B
3843,B
3844,B
3845,B
3846,A
3847,A
3848,A
3849,A
3850,A
3851,A
3852,A
3853,C
3854,A
3855,A
3856,B
3857,C
3858,A
3859,A
3860,B
3861,A
3862,C
3863,B
3864,A
3865,A
3866,A
3867,A
3868,C
3869,C
3870,B
3871,A
3872,A
3873,A
3874,A
3875,A
3876,A
3877,A
3878,A
3879,A
3880,A
3881,A
3882,A
3883,B
3884,C
3885,A
3886,A
3887,A
3888,B
3889,A
3890,A
3891,C
3892,A
3893,C
3894,C
3895,A
3896,C
3897,D
3898,A
3899,A
3900,A
3901,C
3902,C
3903,A
3904,B
3905,D
3906,A
3907,A
3908,B
3909,A
3910,B
3911,A
3912,A
3913,A
3914,A
3915,A
3916,A
3917,A
3918,C
3919,C
3920,D
3921,A
3922,A
3923,A
3924,D
3925,B
3926,A
3927,C
3928,C
3929,B
3930,B
3931,A
3932,A
3933,A
3934,B
3935,A
3936,A
3937,C
3938,A
3939,A
3940,A
3941,D
3942,C
3943,C
3944,A
3945,A
3946,C
3947,B
3948,A
3949,A
3950,A
3951,B
3952,B
3953,A
3954,B
3955,C
3956,C
3957,A
3958,B
3959,C
3960,A
3961,C
3962,A
3963,A
3964,A
3965,B
3966,B
3967,A
3968,C
3969,A
3970,A
3971,B
3972,A
3973,A
3974,B
3975,A
3976,A
3977,C
3978,A
3979,B
3980,C
3981,A
3982,C
3983,B
3984,B
3985,A
3986,A
3987,D
3988,C
3989,B
3990,A
3991,A
3992,A
3993,A
3994,A
3995,A
3996,B
3997,A
3998,B
3999,A
4000,C
4001,A
4002,C
4003,A
4004,A
4005,B
4006,A
4007,A
4008,A
4009,A
4010,A
4011,A
4012,B
4013,C
4014,B
4015,A
4016,B
4017,A
4018,A
4019,B
4020,C
4021,B
4022,B
4023,A
4024,B
4025,A
4026,A
4027,A
4028,C
4029,C
4030,A
4031,A
4032,B
4033,D
4034,A
4035,D
4036,A
4037,C
4038,A
4039,A
4040,A
4041,C
4042,A
4043,A
4044,A
4045,A
4046,A
4047,C
4048,C
4049,B
4050,B
4051,B
4052,B
4053,B
4054,B
4055,D
4056,A
4057,B
4058,A
4059,A
4060,B
4061,B
4062,D
4063,C
4064,A
4065,A
4066,C
4067,A
4068,C
4069,A
4070,A
4071,C
4072,B
4073,A
4074,A
4075,B
4076,D
4077,A
4078,A
4079,B
4080,B
4081,A
4082,A
4083,A
4084,A
4085,A
4086,B
4087,B
4088,C
4089,D
4090,B
4091,A
4092,A
4093,D
4094,A
4095,B
4096,A
4097,A
4098,A
4099,D
4100,A
4101,C
4102,B
4103,B
4104,B
4105,D
4106,A
4107,B
4108,C
4109,A
4110,A
4111,B
4112,A
4113,C
4114,A
4115,B
4116,C
4117,B
4118,B
4119,C
4120,A
4121,A
4122,C
4123,C
4124,B
4125,C
4126,A
4127,C
4128,A
4129,B
4130,A
4131,A
4132,B
4133,A
4134,A
4135,C
4136,B
4137,A
4138,B
4139,A
4140,A
4141,C
4142,C
4143,C
4144,B
4145,A
4146,A
4147,D
4148,A
4149,A
4150,A
4151,A
4152,A
4153,B
4154,A
4155,C
4156,A
4157,B
4158,B
4159,A
4160,B
4161,B
4162,D
4163,A
4164,A
4165,A
4166,C
4167,B
4168,B
4169,A
4170,A
4171,A
4172,A
4173,C
4174,B
4175,A
4176,A
4177,A
4178,B
4179,B
4180,D
4181,A
4182,A
4183,A
4184,B
4185,A
4186,B
4187,C
4188,A
4189,B
4190,A
4191,C
4192,A
4193,B
4194,A
4195,B
4196,A
4197,B
4198,C
4199,A
4200,B
4201,A
4202,B
4203,A
4204,A
4205,C
4206,A
4207,C
4208,D
4209,A
4210,C
4211,B
4212,D
4213,A
4214,A
4215,D
4216,C
4217,B
4218,B
4219,A
4220,A
4221,C
4222,B
4223,A
4224,B
4225,B
4226,C
4227,A
4228,B
4229,A
4230,A
4231,A
4232,A
4233,B
4234,A
4235,C
4236,A
4237,B
4238,A
4239,A
4240,A
4241,B
4242,C
4243,A
4244,A
4245,B
4246,A
4247,C
4248,A
4249,B
4250,B
4251,A
4252,A
4253,C
4254,B
4255,A
4256,B
4257,B
4258,A
4259,A
4260,C
4261,A
4262,B
4263,C
4264,C
4265,A
4266,D
4267,A
4268,B
4269,A
4270,A
4271,A
4272,A
4273,B
4274,A
4275,A
4276,A
4277,A
4278,A
4279,B
4280,B
4281,A
4282,A
4283,C
4284,A
4285,B
4286,A
4287,C
4288,B
4289,A
4290,A
4291,B
4292,A
4293,A
4294,B
4295,D
4296,C
4297,A
4298,A
4299,C
4300,B
4301,A
4302,A
4303,C
4304,A
4305,A
4306,A
4307,A
4308,A
4309,C
4310,A
4311,B
4312,A
4313,A
4314,A
4315,B
4316,A
4317,A
4318,C
4319,A
4320,A
4321,B
4322,A
4323,A
4324,A
4325,C
4326,A
4327,A
4328,A
4329,B
4330,D
4331,A
4332,A
4333,B
4334,C
4335,B
4336,C
4337,A
4338,A
4339,A
4340,D
4341,A
4342,A
4343,A
4344,A
4345,A
4346,A
4347,D
4348,C
4349,A
4350,D
4351,C
4352,A
4353,A
4354,A
4355,A
4356,A
4357,D
4358,B
4359,D
4360,A
4361,A
4362,A
4363,A
4364,A
4365,A
4366,B
4367,A
4368,A
4369,B
4370,A
4371,D
4372,A
4373,A
4374,A
4375,B
4376,A
4377,A
4378,A
4379,A
4380,A
4381,A
4382,A
4383,A
4384,A
4385,D
4386,A
4387,A
4388,A
4389,A
4390,A
4391,B
4392,A
4393,A
4394,A
4395,B
4396,B
4397,A
4398,A
4399,C
4400,A
4401,B
4402,C
4403,A
4404,A
4405,A
4406,A
4407,A
4408,A
4409,A
4410,C
4411,C
4412,A
4413,A
4414,A
4415,A
4416,B
4417,A
4418,D
4419,A
4420,A
4421,A
4422,A
4423,B
4424,A
4425,B
4426,B
4427,A
4428,B
4429,A
4430,A
4431,A
4432,A
4433,A
4434,B
4435,A
4436,C
4437,D
4438,C
4439,B
4440,A
4441,A
4442,A
4443,A
4444,A
4445,A
4446,B
4447,A
4448,A
4449,A
4450,C
4451,A
4452,B
4453,B
4454,B
4455,B
4456,A
4457,A
4458,A
4459,A
4460,A
4461,B
4462,A
4463,A
4464,A
4465,A
4466,A
4467,A
4468,B
4469,B
4470,B
4471,A
4472,B
4473,A
4474,A
4475,A
4476,A
4477,A
4478,A
4479,B
4480,A
4481,B
4482,A
4483,A
4484,A
4485,A
4486,C
4487,D
4488,A
4489,A
4490,B
4491,A
4492,A
4493,A
4494,A
4495,B
4496,A
4497,A
4498,C
4499,A
4500,B
4501,A
4502,B
4503,C
4504,D
4505,A
4506,A
4507,A
4508,A
4509,C
4510,C
4511,B
4512,A
4513,A
4514,A
4515,A
4516,A
4517,B
4518,B
4519,B
4520,C
4521,B
4522,A
4523,C
4524,A
4525,A
4526,A
4527,B
4528,A
4529,B
4530,A
4531,B
4532,B
4533,B
4534,A
4535,C
4536,A
4537,B
4538,A
4539,A
4540,A
4541,C
4542,A
4543,B
4544,A
4545,C
4546,A
4547,A
4548,A
4549,A
4550,A
4551,A
4552,A
4553,A
4554,B
4555,B
4556,A
4557,A
4558,C
4559,A
4560,A
4561,A
4562,B
4563,D
4564,A
4565,A
4566,A
4567,A
4568,A
4569,C
4570,A
4571,C
4572,C
4573,B
4574,C
4575,B
4576,A
4577,B
4578,A
4579,A
4580,A
4581,A
4582,A
4583,B
4584,A
4585,B
4586,A
4587,B
4588,A
4589,A
4590,A
4591,A
4592,B
4593,A
4594,D
4595,A
4596,A
4597,A
4598,A
4599,C
4600,A
4601,B
4602,A
4603,A
4604,A
4605,A
4606,A
4607,B
4608,A
4609,A
4610,C
4611,A
4612,A
4613,B
4614,A
4615,A
4616,C
4617,D
4618,B
4619,A
4620,A
4621,A
4622,A
4623,A
4624,C
4625,B
4626,C
4627,A
4628,A
4629,A
4630,A
4631,A
4632,B
4633,A
4634,A
4635,A
4636,B
4637,A
4638,A
4639,A
4640,C
4641,A
4642,B
4643,A
4644,A
4645,A
4646,C
4647,A
4648,A
4649,A
4650,A
4651,B
4652,C
4653,A
4654,A
4655,A
4656,B
4657,C
4658,A
4659,A
4660,A
4661,A
4662,A
4663,C
4664,B
4665,A
4666,B
4667,D
4668,B
4669,A
4670,C
4671,B
4672,B
4673,C
4674,A
4675,C
4676,A
4677,B
4678,A
4679,A
4680,A
4681,B
4682,A
4683,A
4684,D
4685,A
4686,A
4687,A
4688,B
4689,A
4690,A
4691,B
4692,A
4693,A
4694,A
4695,B
4696,A
4697,A
4698,B
4699,C
4700,C
4701,B
4702,A
4703,A
4704,A
4705,C
4706,A
4707,A
4708,A
4709,B
4710,A
4711,C
4712,C
4713,A
4714,A
4715,A
4716,C
4717,A
4718,A
4719,A
4720,A
4721,A
4722,B
4723,B
4724,A
4725,A
4726,C
4727,A
4728,A
4729,A
4730,A
4731,A
4732,A
4733,A
4734,A
4735,A
4736,A
4737,B
4738,D
4739,B
4740,A
4741,A
4742,C
4743,A
4744,A
4745,A
4746,A
4747,C
4748,A
4749,B
4750,A
4751,A
4752,A
4753,A
4754,C
4755,A
4756,A
4757,A
4758,A
4759,B
4760,A
4761,B
4762,A
4763,A
4764,A
4765,C
4766,A
4767,A
4768,B
4769,B
4770,B
4771,B
4772,A
4773,B
4774,A
4775,A
4776,A
4777,A
4778,D
4779,C
4780,B
4781,C
4782,A
4783,A
4784,A
4785,A
4786,B
4787,A
4788,A
4789,B
4790,B
4791,A
4792,C
4793,A
4794,A
4795,B
4796,A
4797,A
4798,A
4799,A
4800,A
4801,C
4802,B
4803,B
4804,A
4805,A
4806,A
4807,D
4808,A
4809,C
4810,A
4811,A
4812,A
4813,D
4814,A
4815,A
4816,B
4817,A
4818,A
4819,C
4820,B
4821,C
4822,A
4823,A
4824,B
4825,A
4826,A
4827,A
4828,A
4829,B
4830,D
4831,A
4832,A
4833,A
4834,C
4835,A
4836,C
4837,C
4838,D
4839,D
4840,A
4841,A
4842,A
4843,B
4844,A
4845,A
4846,B
4847,C
4848,A
4849,D
4850,A
4851,B
4852,C
4853,B
4854,C
4855,A
4856,C
4857,C
4858,A
4859,D
4860,B
4861,B
4862,C
4863,A
4864,C
4865,A
4866,A
4867,A
4868,C
4869,A
4870,A
4871,C
4872,B
4873,A
4874,B
4875,A
4876,B
4877,B
4878,A
4879,B
4880,B
4881,A
4882,A
4883,D
4884,A
4885,B
4886,C
4887,A
4888,B
4889,A
4890,C
4891,A
4892,A
4893,A
4894,C
4895,A
4896,A
4897,A
4898,A
4899,B
4900,A
4901,A
4902,A
4903,A
4904,A
4905,A
4906,C
4907,B
4908,A
4909,C
4910,B
4911,A
4912,A
4913,A
4914,A
4915,C
4916,A
4917,A
4918,B
4919,A
4920,A
4921,B
4922,C
4923,B
4924,A
4925,B
4926,A
4927,A
4928,B
4929,A
4930,C
4931,A
4932,A
4933,B
4934,C
4935,A
4936,B
4937,A
4938,A
4939,A
4940,A
4941,A
4942,D
4943,B
4944,C
4945,D
4946,A
4947,B
4948,C
4949,A
4950,A
4951,A
4952,A
4953,A
4954,A
4955,A
4956,A
4957,A
4958,A
4959,C
4960,B
4961,A
4962,A
4963,A
4964,A
4965,B
4966,C
4967,B
4968,B
4969,A
4970,A
4971,A
4972,C
4973,A
4974,A
4975,A
4976,B
4977,B
4978,B
4979,A
4980,A
4981,C
4982,B
4983,A
4984,B
4985,A
4986,A
4987,A
4988,A
4989,A
4990,B
4991,C
4992,C
4993,A
4994,A
4995,B
4996,C
4997,B
4998,A
4999,C
5000,A
5001,A
5002,A
5003,B
5004,A
5005,A
5006,A
5007,A
5008,B
5009,A
5010,A
5011,C
5012,A
5013,C
5014,A
5015,A
5016,A
5017,B
5018,D
5019,A
5020,D
5021,A
5022,A
5023,A
5024,A
5025,A
5026,A
5027,D
5028,A
5029,D
5030,A
5031,B
5032,B
5033,C
5034,B
5035,B
5036,B
5037,A
5038,A
5039,A
5040,A
5041,B
5042,A
5043,B
5044,A
5045,A
5046,A
5047,A
5048,A
5049,A
5050,D
5051,A
5052,B
5053,A
5054,B
5055,A
5056,B
5057,A
5058,B
5059,A
5060,A
5061,D
5062,A
5063,C
5064,A
5065,A
5066,A
5067,A
5068,A
5069,B
5070,A
5071,B
5072,B
5073,A
5074,C
5075,B
5076,C
5077,A
5078,D
5079,B
5080,A
5081,B
5082,B
5083,A
5084,A
5085,B
5086,A
5087,B
5088,C
5089,B
5090,C
5091,D
5092,C
5093,A
5094,B
5095,A
5096,B
5097,B
5098,C
5099,A
5100,A
5101,A
5102,B
5103,B
5104,A
5105,C
5106,A
5107,B
5108,A
5109,B
5110,B
5111,B
5112,B
5113,B
5114,A
5115,A
5116,B
5117,A
5118,A
5119,C
5120,C
5121,A
5122,D
5123,A
5124,B
5125,A
5126,B
5127,C
5128,D
5129,C
5130,C
5131,B
5132,B
5133,A
5134,B
5135,D
5136,A
5137,A
5138,A
5139,A
5140,B
5141,A
5142,A
5143,A
5144,B
5145,B
5146,B
5147,A
5148,A
5149,A
5150,D
5151,A
5152,B
5153,A
5154,A
5155,A
5156,A
5157,A
5158,A
5159,A
5160,A
5161,C
5162,B
5163,B
5164,A
5165,A
5166,C
5167,A
5168,A
5169,A
5170,A
5171,A
5172,A
5173,C
5174,A
5175,D
5176,A
5177,A
5178,A
5179,A
5180,D
5181,A
5182,B
5183,A
5184,A
5185,A
5186,A
5187,A
5188,A
5189,A
5190,A
5191,A
5192,A
5193,B
5194,D
5195,A
5196,B
5197,B
5198,A
5199,B
5200,A
5201,A
5202,A
5203,A
5204,A
5205,C
5206,C
5207,B
5208,B
5209,A
5210,A
5211,A
5212,C
5213,B
5214,B
5215,A
5216,A
5217,A
5218,A
5219,B
5220,A
5221,A
5222,A
5223,A
5224,A
5225,D
5226,A
5227,A
5228,C
5229,B
5230,C
5231,A
5232,A
5233,C
5234,A
5235,B
5236,C
5237,A
5238,B
5239,B
5240,B
5241,A
5242,A
5243,B
5244,B
5245,C
5246,B
5247,A
5248,D
5249,A
5250,C
5251,B
5252,A
5253,A
5254,C
5255,A
5256,D
5257,A
5258,A
5259,A
5260,B
5261,C
5262,A
5263,A
5264,B
5265,B
5266,C
5267,C
5268,A
5269,A
5270,C
5271,B
5272,B
5273,A
5274,B
5275,C
5276,B
5277,A
5278,A
5279,A
5280,A
5281,C
5282,B
5283,A
5284,A
5285,A
5286,B
5287,A
5288,A
5289,C
5290,B
5291,A
5292,A
5293,C
5294,B
5295,A
5296,A
5297,B
5298,A
5299,A
5300,A
5301,B
5302,A
5303,B
5304,A
5305,C
5306,A
5307,A
5308,C
5309,A
5310,A
5311,B
5312,C
5313,B
5314,A
5315,A
5316,B
5317,A
5318,A
5319,B
5320,C
5321,A
5322,A
5323,C
5324,B
5325,A
5326,B
5327,D
5328,A
5329,B
5330,B
5331,B
5332,A
5333,A
5334,A
5335,B
5336,C
5337,A
5338,C
5339,A
5340,B
5341,A
5342,A
5343,A
5344,B
5345,A
5346,A
5347,B
5348,A
5349,A
5350,A
5351,B
5352,C
5353,C
5354,A
5355,B
5356,B
5357,D
5358,C
5359,B
5360,A
5361,A
5362,B
5363,A
5364,A
5365,C
5366,B
5367,B
5368,A
5369,D
5370,A
5371,C
5372,B
5373,A
5374,C
5375,C
5376,B
5377,D
5378,A
5379,B
5380,A
5381,A
5382,A
5383,A
5384,B
5385,A
5386,B
5387,A
5388,C
5389,A
5390,A
5391,A
5392,C
5393,B
5394,B
5395,A
5396,C
5397,A
5398,B
5399,A
5400,A
5401,A
5402,B
5403,A
5404,A
5405,A
5406,C
5407,B
5408,A
5409,A
5410,A
5411,A
5412,A
5413,A
5414,B
5415,B
5416,B
5417,B
5418,A
5419,A
5420,A
5421,A
5422,A
5423,B
5424,A
5425,A
5426,A
5427,A
5428,A
5429,A
5430,A
5431,A
5432,D
5433,A
5434,A
5435,A
5436,C
5437,C
5438,A
5439,A
5440,A
5441,C
5442,A
5443,A
5444,A
5445,C
5446,B
5447,B
5448,A
5449,A
5450,A
5451,D
5452,B
5453,B
5454,D
5455,A
5456,A
5457,A
5458,C
5459,C
5460,C
5461,B
5462,C
5463,B
5464,B
5465,A
5466,B
5467,A
5468,A
5469,B
5470,A
5471,A
5472,A
5473,A
5474,A
5475,A
5476,B
5477,A
5478,A
5479,A
5480,A
5481,C
5482,A
5483,B
5484,C
5485,B
5486,D
5487,A
5488,C
5489,C
5490,B
5491,A
5492,B
5493,C
5494,A
5495,B
5496,B
5497,A
5498,B
5499,A
5500,A
5501,B
5502,C
5503,B
5504,C
5505,B
5506,B
5507,B
5508,A
5509,A
5510,D
5511,A
5512,B
5513,B
5514,C
5515,B
5516,B
5517,A
5518,B
5519,A
5520,B
5521,A
5522,C
5523,A
5524,A
5525,C
5526,A
5527,A
5528,D
5529,A
5530,A
5531,B
5532,A
5533,A
5534,C
5535,A
5536,A
5537,C
5538,A
5539,C
5540,B
5541,A
5542,A
5543,D
5544,A
5545,A
5546,C
5547,A
5548,C
5549,A
5550,C
5551,A
5552,D
5553,C
5554,C
5555,B
5556,A
5557,D
5558,C
5559,B
5560,A
5561,A
5562,A
5563,C
5564,B
5565,A
5566,A
5567,A
5568,B
5569,B
5570,A
5571,A
5572,A
5573,B
5574,A
5575,B
5576,B
5577,B
5578,A
5579,A
5580,C
5581,A
5582,D
5583,A
5584,A
5585,B
5586,B
5587,C
5588,C
5589,A
5590,A
5591,B
5592,A
5593,A
5594,C
5595,C
5596,A
5597,A
5598,D
5599,A
5600,C
5601,B
5602,A
5603,A
5604,D
5605,A
5606,A
5607,A
5608,B
5609,A
5610,C
5611,B
5612,A
5613,B
5614,B
5615,D
5616,B
5617,A
5618,A
5619,B
5620,A
5621,B
5622,A
5623,C
5624,A
5625,A
5626,A
5627,A
5628,C
5629,B
5630,A
5631,B
5632,D
5633,A
5634,B
5635,C
5636,A
5637,C
5638,A
5639,A
5640,A
5641,C
5642,B
5643,A
5644,B
5645,C
5646,B
5647,A
5648,A
5649,D
5650,B
5651,A
5652,D
5653,B
5654,A
5655,A
5656,A
5657,A
5658,B
5659,A
5660,B
5661,C
5662,B
5663,C
5664,B
5665,A
5666,A
5667,C
5668,A
5669,A
5670,A
5671,A
5672,B
5673,C
5674,A
5675,A
5676,C
5677,C
5678,A
5679,A
5680,B
5681,B
5682,B
5683,B
5684,C
5685,D
5686,A
5687,A
5688,A
5689,A
5690,D
5691,A
5692,C
5693,C
5694,B
5695,A
5696,A
5697,C
5698,A
5699,A
5700,A
5701,A
5702,A
5703,A
5704,A
5705,D
5706,A
5707,D
5708,C
5709,A
5710,C
5711,A
5712,A
5713,A
5714,B
5715,B
5716,A
5717,A
5718,A
5719,B
5720,B
5721,A
5722,C
5723,C
5724,A
5725,B
5726,A
5727,A
5728,C
5729,A
5730,C
5731,C
5732,A
5733,A
5734,A
5735,A
5736,A
5737,A
5738,A
5739,A
5740,B
5741,A
5742,A
5743,A
5744,B
5745,B
5746,B
5747,A
5748,A
5749,D
5750,A
5751,A
5752,A
5753,A
5754,D
5755,C
5756,A
5757,A
5758,C
5759,B
5760,C
5761,A
5762,A
5763,C
5764,D
5765,A
5766,A
5767,A
5768,B
5769,B
5770,A
5771,A
5772,A
5773,A
5774,B
5775,B
5776,A
5777,C
5778,B
5779,A
5780,A
5781,A
5782,A
5783,C
5784,A
5785,B
5786,A
5787,A
5788,B
5789,B
5790,A
5791,A
5792,B
5793,A
5794,A
5795,A
5796,C
5797,D
5798,A
5799,A
5800,A
5801,B
5802,A
5803,D
5804,A
5805,B
5806,C
5807,A
5808,A
5809,A
5810,A
5811,C
5812,B
5813,C
5814,A
5815,C
5816,A
5817,C
5818,A
5819,B
5820,A
5821,B
5822,A
5823,A
5824,A
5825,A
5826,A
5827,A
5828,A
5829,A
5830,C
5831,A
5832,C
5833,A
5834,A
5835,D
5836,A
5837,A
5838,A
5839,A
5840,B
5841,B
5842,A
5843,C
5844,B
5845,A
5846,A
5847,B
5848,A
5849,A
5850,A
5851,A
5852,A
5853,A
5854,D
5855,A
5856,B
5857,B
5858,C
5859,A
5860,A
5861,A
5862,A
5863,B
5864,C
5865,A
5866,A
5867,C
5868,A
5869,A
5870,B
5871,C
5872,C
5873,D
5874,C
5875,B
5876,A
5877,A
5878,A
5879,A
5880,A
5881,C
5882,C
5883,C
5884,A
5885,C
5886,C
5887,A
5888,D
5889,A
5890,A
5891,A
5892,C
5893,C
5894,D
5895,C
5896,A
5897,B
5898,C
5899,B
5900,A
5901,A
5902,A
5903,C
5904,B
5905,A
5906,A
5907,B
5908,A
5909,A
5910,B
5911,C
5912,A
5913,A
5914,B
5915,B
5916,C
5917,C
5918,A
5919,B
5920,A
5921,A
5922,A
5923,A
5924,B
5925,C
5926,C
5927,A
5928,A
5929,C
5930,A
5931,A
5932,B
5933,C
5934,B
5935,B
5936,C
5937,A
5938,A
5939,A
5940,A
5941,A
5942,D
5943,A
5944,C
5945,A
5946,B
5947,A
5948,A
5949,C
5950,A
5951,A
5952,A
5953,B
5954,B
5955,B
5956,D
5957,A
5958,C
5959,B
5960,A
5961,A
5962,B
5963,A
5964,A
5965,A
5966,B
5967,A
5968,A
5969,C
5970,A
5971,A
5972,A
5973,A
5974,D
5975,A
5976,A
5977,B
5978,B
5979,A
5980,B
5981,C
5982,B
5983,B
5984,B
5985,A
5986,D
5987,C
5988,B
5989,A
5990,A
5991,B
5992,A
5993,C
5994,B
5995,B
5996,C
5997,A
5998,A
5999,A
6000,C
6001,A
6002,A
6003,B
6004,B
6005,B
6006,A
6007,B
6008,C
6009,B
6010,D
6011,A
6012,D
6013,B
6014,D
6015,C
6016,D
6017,C
6018,A
6019,B
6020,A
6021,A
6022,B
6023,D
6024,D
6025,C
6026,C
6027,A
6028,A
6029,B
6030,A
6031,B
6032,A
6033,B
6034,A
6035,A
6036,C
6037,A
6038,C
6039,A
6040,A
6041,A
6042,A
6043,D
6044,A
6045,B
6046,A
6047,C
6048,A
6049,B
6050,C
6051,A
6052,A
6053,A
6054,C
6055,A
6056,A
6057,D
6058,A
6059,A
6060,A
6061,C
6062,A
6063,A
6064,A
6065,D
6066,A
6067,A
6068,A
6069,A
6070,A
6071,B
6072,A
6073,A
6074,A
6075,C
6076,B
6077,C
6078,B
6079,C
6080,B
6081,A
6082,C
6083,A
6084,B
6085,A
6086,A
6087,B
6088,A
6089,C
6090,A
6091,A
6092,B
6093,A
6094,A
6095,B
6096,A
6097,B
6098,B
6099,A
6100,A
6101,A
6102,A
6103,C
6104,B
6105,A
6106,B
6107,A
6108,C
6109,A
6110,B
6111,A
6112,A
6113,A
6114,A
6115,A
6116,A
6117,A
6118,A
6119,A
6120,C
6121,B
6122,A
6123,A
6124,A
6125,B
6126,A
6127,A
6128,A
6129,C
6130,A
6131,B
6132,B
6133,C
6134,A
6135,B
6136,B
6137,B
6138,B
6139,B
6140,B
6141,B
6142,B
6143,A
6144,A
6145,A
6146,A
6147,A
6148,C
6149,C
6150,A
6151,A
6152,A
6153,A
6154,A
6155,A
6156,A
6157,A
6158,C
6159,A
6160,C
6161,A
6162,A
6163,B
6164,A
6165,C
6166,A
6167,C
6168,A
6169,A
6170,A
6171,A
6172,A
6173,A
6174,A
6175,A
6176,A
6177,A
6178,A
6179,A
6180,A
6181,A
6182,A
6183,A
6184,A
6185,C
6186,A
6187,B
6188,A
6189,C
6190,A
6191,C
6192,B
6193,A
6194,B
6195,A
6196,C
6197,A
6198,B
6199,C
6200,C
6201,A
6202,B
6203,C
6204,B
6205,A
6206,A
6207,A
6208,A
6209,D
6210,A
6211,A
6212,C
6213,A
6214,A
6215,A
6216,B
6217,D
6218,B
6219,A
6220,A
6221,A
6222,A
6223,C
6224,A
6225,A
6226,A
6227,A
6228,C
6229,C
6230,A
6231,B
6232,C
6233,B
6234,A
6235,B
6236,C
6237,C
6238,A
6239,B
6240,A
6241,A
6242,A
6243,A
6244,B
6245,A
6246,A
6247,D
6248,A
6249,A
6250,B
6251,A
6252,C
6253,B
6254,C
6255,A
6256,A
6257,A
6258,A
6259,A
6260,C
6261,A
6262,A
6263,A
6264,C
6265,A
6266,A
6267,A
6268,A
6269,B
6270,A
6271,A
6272,A
6273,A
6274,D
6275,C
6276,B
6277,A
6278,C
6279,A
6280,A
6281,A
6282,A
6283,A
6284,B
6285,B
6286,B
6287,D
6288,B
6289,A
6290,A
6291,A
6292,B
6293,A
6294,A
6295,B
6296,B
6297,B
6298,A
6299,A
6300,B
6301,B
6302,A
6303,A
6304,A
6305,C
6306,A
6307,A
6308,B
6309,B
6310,A
6311,B
6312,C
6313,D
6314,C
6315,C
6316,A
6317,D
6318,A
6319,A
6320,B
6321,A
6322,A
6323,A
6324,A
6325,A
6326,A
6327,A
6328,A
6329,A
6330,A
6331,B
6332,A
6333,A
6334,D
6335,B
6336,A
6337,A
6338,A
6339,B
6340,A
6341,C
6342,C
6343,B
6344,A
6345,C
6346,A
6347,A
6348,A
6349,A
6350,C
6351,A
6352,B
6353,A
6354,D
6355,A
6356,C
6357,B
6358,C
6359,A
6360,D
6361,A
6362,A
6363,B
6364,A
6365,A
6366,A
6367,A
6368,D
6369,A
6370,A
6371,A
6372,A
6373,A
6374,B
6375,A
6376,B
6377,A
6378,D
6379,A
6380,A
6381,B
6382,A
6383,D
6384,A
6385,A
6386,B
6387,B
6388,A
6389,A
6390,B
6391,B
6392,A
6393,A
6394,A
6395,B
6396,A
6397,A
6398,A
6399,A
6400,B
6401,B
6402,A
6403,A
6404,A
6405,C
6406,C
6407,A
6408,A
6409,C
6410,D
6411,A
6412,D
6413,C
6414,A
6415,B
6416,A
6417,A
6418,B
6419,D
6420,A
6421,C
6422,A
6423,A
6424,A
6425,A
6426,B
6427,A
6428,A
6429,A
6430,A
6431,A
6432,A
6433,A
6434,A
6435,A
6436,B
6437,A
6438,B
6439,A
6440,B
6441,A
6442,B
6443,A
6444,A
6445,A
6446,B
6447,A
6448,A
6449,B
6450,C
6451,A
6452,A
6453,A
6454,D
6455,A
6456,B
6457,B
6458,A
6459,B
6460,A
6461,B
6462,A
6463,A
6464,B
6465,A
6466,A
6467,B
6468,B
6469,A
6470,A
6471,B
6472,A
6473,A
6474,C
6475,A
6476,A
6477,A
6478,A
6479,A
6480,A
6481,A
6482,A
6483,A
6484,A
6485,B
6486,A
6487,A
6488,A
6489,D
6490,B
6491,B
6492,A
6493,A
6494,A
6495,D
6496,A
6497,A
6498,A
6499,B
6500,D
6501,A
6502,A
6503,A
6504,A
6505,A
6506,A
6507,C
6508,A
6509,C
6510,B
6511,C
6512,A
6513,B
6514,A
6515,B
6516,B
6517,A
6518,A
6519,A
6520,B
6521,A
6522,A
6523,C
6524,A
6525,B
6526,A
6527,A
6528,B
6529,A
6530,A
6531,A
6532,A
6533,C
6534,C
6535,A
6536,A
6537,B
6538,C
6539,A
6540,A
6541,B
6542,A
6543,A
6544,B
6545,A
6546,B
6547,A
6548,C
6549,A
6550,B
6551,B
6552,A
6553,A
6554,A
6555,B
6556,A
6557,B
6558,B
6559,A
6560,C
6561,B
6562,A
6563,A
6564,A
6565,D
6566,A
6567,A
6568,B
6569,C
6570,A
6571,A
6572,D
6573,B
6574,C
6575,C
6576,B
6577,A
6578,C
6579,A
6580,A
6581,A
6582,B
6583,A
6584,B
6585,B
6586,B
6587,A
6588,A
6589,A
6590,B
6591,A
6592,A
6593,B
6594,A
6595,A
6596,A
6597,A
6598,A
6599,A
6600,A
6601,C
6602,C
6603,A
6604,C
6605,A
6606,D
6607,A
6608,C
6609,A
6610,A
6611,A
6612,A
6613,A
6614,B
6615,D
6616,A
6617,A
6618,A
6619,B
6620,A
6621,C
6622,C
6623,D
6624,B
6625,A
6626,A
6627,C
6628,B
6629,A
6630,C
6631,A
6632,A
6633,C
6634,A
6635,A
6636,B
6637,A
6638,A
6639,A
6640,A
6641,A
6642,A
6643,A
6644,A
6645,A
6646,A
6647,D
6648,A
6649,A
6650,B
6651,B
6652,B
6653,A
6654,A
6655,A
6656,C
6657,B
6658,A
6659,B
6660,A
6661,A
6662,C
6663,D
6664,A
6665,C
6666,A
6667,A
6668,B
6669,D
6670,A
6671,B
6672,A
6673,B
6674,A
6675,A
6676,B
6677,A
6678,A
6679,D
6680,A
6681,A
6682,D
6683,C
6684,A
6685,B
6686,A
6687,C
6688,A
6689,A
6690,A
6691,A
6692,A
6693,B
6694,A
6695,B
6696,A
6697,A
6698,A
6699,C
6700,A
6701,B
6702,B
6703,A
6704,A
6705,A
6706,A
6707,B
6708,A
6709,C
6710,A
6711,C
6712,B
6713,B
6714,C
6715,D
6716,A
6717,B
6718,A
6719,A
6720,A
6721,A
6722,A
6723,B
6724,B
6725,A
6726,A
6727,A
6728,B
6729,A
6730,A
6731,A
6732,A
6733,A
6734,A
6735,A
6736,A
6737,B
6738,A
6739,A
6740,C
6741,A
6742,D
6743,A
6744,A
6745,B
6746,A
6747,A
6748,C
6749,D
6750,A
6751,B
6752,A
6753,C
6754,C
6755,C
6756,A
6757,A
6758,B
6759,A
6760,A
6761,A
6762,A
6763,A
6764,A
6765,A
6766,A
6767,B
6768,A
6769,C
6770,A
6771,A
6772,B
6773,A
6774,C
6775,C
6776,C
6777,A
6778,A
6779,A
6780,A
6781,A
6782,B
6783,C
6784,A
6785,B
6786,A
6787,A
6788,A
6789,D
6790,B
6791,A
6792,D
6793,B
6794,A
6795,A
6796,A
6797,B
6798,B
6799,C
6800,A
6801,A
6802,A
6803,A
6804,A
6805,A
6806,A
6807,A
6808,A
6809,C
6810,C
6811,B
6812,C
6813,A
6814,A
6815,C
6816,C
6817,C
6818,A
6819,B
6820,B
6821,B
6822,B
6823,A
6824,A
6825,A
6826,C
6827,A
6828,D
6829,D
6830,A
6831,A
6832,B
6833,A
6834,A
6835,B
6836,B
6837,A
6838,B
6839,A
6840,A
6841,A
6842,A
6843,D
6844,A
6845,C
6846,B
6847,A
6848,A
6849,A
6850,C
6851,B
6852,A
6853,A
6854,B
6855,A
6856,D
6857,A
6858,C
6859,A
6860,A
6861,B
6862,C
6863,B
6864,A
6865,A
6866,A
6867,A
6868,C
6869,A
6870,B
6871,A
6872,A
6873,A
6874,B
6875,A
6876,A
6877,B
6878,A
6879,A
6880,A
6881,A
6882,A
6883,A
6884,A
6885,A
6886,A
6887,D
6888,A
6889,A
6890,A
6891,D
6892,B
6893,A
6894,A
6895,A
6896,B
6897,A
6898,A
6899,D
6900,A
6901,B
6902,A
6903,A
6904,B
6905,D
6906,A
6907,B
6908,A
6909,B
6910,C
6911,A
6912,C
6913,B
6914,B
6915,A
6916,B
6917,A
6918,B
6919,A
6920,C
6921,A
6922,C
6923,A
6924,B
6925,A
6926,A
6927,A
6928,C
6929,A
6930,A
6931,C
6932,A
6933,A
6934,C
6935,B
6936,B
6937,A
6938,A
6939,B
6940,A
6941,B
6942,A
6943,A
6944,A
6945,A
6946,A
6947,C
6948,B
6949,A
6950,A
6951,A
6952,A
6953,B
6954,A
6955,B
6956,A
6957,A
6958,B
6959,A
6960,A
6961,B
6962,A
6963,A
6964,B
6965,A
6966,D
6967,A
6968,A
6969,A
6970,A
6971,D
6972,C
6973,D
6974,B
6975,A
6976,A
6977,C
6978,A
6979,A
6980,A
6981,B
6982,A
6983,A
6984,C
6985,A
6986,A
6987,A
6988,B
6989,C
6990,B
6991,A
6992,B
6993,D
6994,A
6995,C
6996,A
6997,D
6998,A
6999,A
7000,C
7001,A
7002,A
7003,A
7004,A
7005,A
7006,B
7007,A
7008,A
7009,D
7010,C
7011,A
7012,A
7013,A
7014,A
7015,A
7016,A
7017,A
7018,A
7019,D
7020,B
7021,A
7022,C
7023,A
7024,B
7025,D
7026,A
7027,A
7028,A
7029,A
7030,A
7031,B
7032,A
7033,A
7034,A
7035,A
7036,A
7037,A
7038,A
7039,A
7040,B
7041,A
7042,C
7043,C
7044,B
7045,A
7046,A
7047,C
7048,A
7049,C
7050,B
7051,A
7052,B
7053,A
7054,A
7055,A
7056,A
7057,C
7058,A
7059,A
7060,A
7061,A
7062,A
7063,A
7064,B
7065,B
7066,A
7067,C
7068,A
7069,B
7070,A
7071,A
7072,B
7073,B
7074,A
7075,A
7076,B
7077,D
7078,D
7079,B
7080,B
7081,B
7082,A
7083,B
7084,B
7085,C
7086,B
7087,C
7088,B
7089,B
7090,B
7091,A
7092,B
7093,B
7094,B
7095,B
7096,A
7097,C
7098,B
7099,A
7100,D
7101,C
7102,A
7103,A
7104,A
7105,A
7106,A
7107,A
7108,A
7109,B
7110,A
7111,C
7112,A
7113,A
7114,B
7115,A
7116,C
7117,C
7118,B
7119,A
7120,A
7121,A
7122,C
7123,B
7124,A
7125,A
7126,A
7127,A
7128,A
7129,A
7130,C
7131,A
7132,B
7133,A
7134,A
7135,A
7136,A
7137,A
7138,A
7139,B
7140,B
7141,A
7142,A
7143,A
7144,A
7145,A
7146,A
7147,B
7148,A
7149,B
7150,A
7151,A
7152,C
7153,A
7154,B
7155,A
7156,B
7157,D
7158,B
7159,B
7160,A
7161,A
7162,B
7163,A
7164,A
7165,B
7166,A
7167,A
7168,A
7169,A
7170,C
7171,A
7172,B
7173,B
7174,A
7175,A
7176,B
7177,A
7178,A
7179,A
7180,A
7181,C
7182,A
7183,A
7184,A
7185,A
7186,A
7187,B
7188,A
7189,B
7190,A
7191,A
7192,A
7193,A
7194,A
7195,A
7196,A
7197,B
7198,A
7199,C
7200,A
7201,A
7202,A
7203,A
7204,B
7205,A
7206,A
7207,A
7208,A
7209,A
7210,B
7211,A
7212,A
7213,A
7214,A
7215,A
7216,A
7217,A
7218,A
7219,B
7220,A
7221,A
7222,A
7223,A
7224,B
7225,A
7226,A
7227,B
7228,A
7229,A
7230,A
7231,A
7232,B
7233,A
7234,A
7235,A
7236,A
7237,A
7238,C
7239,B
7240,B
7241,B
7242,C
7243,C
7244,B
7245,C
7246,B
7247,A
7248,C
7249,C
7250,A
7251,A
7252,D
7253,D
7254,B
7255,A
7256,A
7257,A
7258,A
7259,A
7260,A
7261,D
7262,A
7263,A
7264,B
7265,A
7266,A
7267,A
7268,B
7269,C
7270,B
7271,A
7272,A
7273,A
7274,B
7275,A
7276,A
7277,A
7278,A
7279,A
7280,A
7281,A
7282,B
7283,A
7284,A
7285,A
7286,D
7287,B
7288,A
7289,C
7290,B
7291,A
7292,A
7293,C
7294,A
7295,A
7296,A
7297,B
7298,A
7299,A
7300,A
7301,A
7302,A
7303,B
7304,C
7305,A
7306,A
7307,A
7308,A
7309,A
7310,A
7311,A
7312,A
7313,A
7314,B
7315,B
7316,A
7317,A
7318,C
7319,A
7320,A
7321,A
7322,C
7323,A
7324,B
7325,A
7326,C
7327,B
7328,A
7329,D
7330,B
7331,D
7332,B
7333,B
7334,A
7335,B
7336,A
7337,A
7338,A
7339,A
7340,A
7341,A
7342,B
7343,D
7344,B
7345,C
7346,A
7347,A
7348,A
7349,A
7350,B
7351,D
7352,A
7353,A
7354,A
7355,A
7356,A
7357,A
7358,C
7359,A
7360,A
7361,B
7362,A
7363,C
7364,A
7365,A
7366,B
7367,D
7368,A
7369,A
7370,C
7371,A
7372,B
7373,A
7374,A
7375,A
7376,B
7377,D
7378,A
7379,A
7380,A
7381,B
7382,B
7383,A
7384,A
7385,B
7386,A
7387,B
7388,A
7389,A
7390,A
7391,D
7392,A
7393,C
7394,A
7395,A
7396,A
7397,D
7398,B
7399,B
7400,A
7401,A
7402,B
7403,A
7404,A
7405,A
7406,A
7407,A
7408,A
7409,B
7410,A
7411,A
7412,A
7413,B
7414,A
7415,A
7416,A
7417,A
7418,D
7419,B
7420,A
7421,A
7422,B
7423,C
7424,A
7425,A
7426,B
7427,A
7428,A
7429,C
7430,A
7431,B
7432,A
7433,A
7434,A
7435,C
7436,A
7437,A
7438,A
7439,B
7440,A
7441,A
7442,B
7443,A
7444,A
7445,B
7446,A
7447,A
7448,A
7449,C
7450,A
7451,A
7452,A
7453,A
7454,A
7455,A
7456,A
7457,A
7458,A
7459,B
7460,A
7461,A
7462,A
7463,A
7464,B
7465,A
7466,B
7467,C
7468,B
7469,C
7470,B
7471,C
7472,A
7473,A
7474,A
7475,A
7476,A
7477,A
7478,A
7479,A
7480,C
7481,D
7482,A
7483,A
7484,A
7485,A
7486,A
7487,A
7488,A
7489,B
7490,B
7491,A
7492,A
7493,A
7494,A
7495,B
7496,D
7497,A
7498,B
7499,A
7500,A
7501,A
7502,B
7503,A
7504,A
7505,A
7506,A
7507,A
7508,D
7509,A
7510,A
7511,A
7512,A
7513,C
7514,A
7515,C
7516,A
7517,A
7518,A
7519,A
7520,A
7521,A
7522,A
7523,D
7524,A
7525,A
7526,A
7527,A
7528,A
7529,A
7530,A
7531,D
7532,A
7533,A
7534,B
7535,A
7536,A
7537,A
7538,A
7539,A
7540,A
7541,A
7542,A
7543,A
7544,A
7545,A
7546,A
7547,B
7548,A
7549,A
7550,C
7551,B
7552,A
7553,A
7554,A
7555,A
7556,A
7557,B
7558,A
7559,A
7560,A
7561,B
7562,A
7563,A
7564,A
7565,B
7566,A
7567,A
7568,C
7569,A
7570,B
7571,A
7572,A
7573,A
7574,A
7575,A
7576,B
7577,A
7578,A
7579,A
7580,A
7581,A
7582,A
7583,B
7584,A
7585,B
7586,A
7587,A
7588,D
7589,A
7590,A
7591,A
7592,B
7593,C
7594,C
7595,A
7596,D
7597,A
7598,A
7599,A
7600,A
7601,B
7602,B
7603,A
7604,B
7605,A
7606,A
7607,A
7608,A
7609,A
7610,A
7611,A
7612,A
7613,A
7614,A
7615,C
7616,A
7617,A
7618,A
7619,A
7620,A
7621,A
7622,A
7623,A
7624,B
7625,A
7626,A
7627,A
7628,C
7629,C
7630,A
7631,A
7632,D
7633,A
7634,A
7635,A
7636,A
7637,B
7638,A
7639,C
7640,A
7641,B
7642,C
7643,A
7644,A
7645,A
7646,A
7647,A
7648,A
7649,A
7650,A
7651,C
7652,A
7653,B
7654,A
7655,C
7656,A
7657,A
7658,C
7659,B
7660,A
7661,A
7662,A
7663,A
7664,A
7665,A
7666,C
7667,A
7668,B
7669,A
7670,C
7671,A
7672,C
7673,A
7674,B
7675,A
7676,B
7677,A
7678,B
7679,C
7680,A
7681,A
7682,A
7683,A
7684,A
7685,A
7686,A
7687,B
7688,D
7689,A
7690,A
7691,B
7692,B
7693,A
7694,B
7695,D
7696,B
7697,A
7698,B
7699,B
7700,A
7701,A
7702,A
7703,A
7704,A
7705,A
7706,A
7707,A
7708,C
7709,A
7710,C
7711,A
7712,A
7713,A
7714,C
7715,C
7716,C
7717,A
7718,A
7719,A
7720,A
7721,D
7722,A
7723,A
7724,C
7725,B
7726,A
7727,C
7728,A
7729,A
7730,C
7731,A
7732,D
7733,C
7734,B
7735,A
7736,A
7737,B
7738,B
7739,A
7740,A
7741,A
7742,C
7743,B
7744,C
7745,A
7746,A
7747,A
7748,A
7749,B
7750,A
7751,A
7752,A
7753,A
7754,A
7755,C
7756,A
7757,A
7758,A
7759,B
7760,D
7761,A
7762,C
7763,D
7764,A
7765,A
7766,A
7767,A
7768,A
7769,B
7770,A
7771,A
7772,A
7773,A
7774,B
7775,D
7776,A
7777,A
7778,A
7779,A
7780,A
7781,B
7782,B
7783,A
7784,A
7785,B
7786,A
7787,A
7788,A
7789,A
7790,A
7791,A
7792,A
7793,B
7794,A
7795,A
7796,A
7797,A
7798,D
7799,B
7800,A
7801,A
7802,A
7803,A
7804,A
7805,A
7806,A
7807,B
7808,A
7809,C
7810,C
7811,A
7812,A
7813,A
7814,A
7815,A
7816,B
7817,D
7818,B
7819,B
7820,A
7821,B
7822,A
7823,A
7824,A
7825,C
7826,C
7827,A
7828,A
7829,A
7830,C
7831,A
7832,A
7833,A
7834,A
7835,A
7836,A
7837,A
7838,A
7839,A
7840,B
7841,A
7842,B
7843,A
7844,A
7845,B
7846,A
7847,A
7848,A
7849,A
7850,A
7851,A
7852,A
7853,A
7854,A
7855,C
7856,A
7857,A
7858,A
7859,A
7860,A
7861,A
7862,B
7863,C
7864,A
7865,B
7866,B
7867,A
7868,A
7869,B
7870,A
7871,A
7872,A
7873,B
7874,B
7875,A
7876,B
7877,A
7878,A
7879,B
7880,A
7881,A
7882,A
7883,A
7884,B
7885,A
7886,B
7887,A
7888,C
7889,A
7890,A
7891,A
7892,A
7893,A
7894,A
7895,A
7896,B
7897,A
7898,C
7899,B
7900,A
7901,A
7902,C
7903,A
7904,A
7905,A
7906,A
7907,A
7908,C
7909,A
7910,A
7911,C
7912,A
7913,A
7914,A
7915,A
7916,A
7917,A
7918,B
7919,B
7920,B
7921,A
7922,A
7923,A
7924,A
7925,A
7926,A
7927,C
7928,A
7929,A
7930,A
7931,A
7932,A
7933,C
7934,A
7935,C
7936,A
7937,A
7938,A
7939,A
7940,C
7941,A
7942,A
7943,A
7944,B
7945,A
7946,A
7947,B
7948,A
7949,A
7950,A
7951,A
7952,C
7953,C
7954,A
7955,A
7956,A
7957,B
7958,D
7959,B
7960,B
7961,A
7962,A
7963,A
7964,A
7965,D
7966,A
7967,A
7968,A
7969,A
7970,B
7971,C
7972,C
7973,A
7974,A
7975,A
7976,B
7977,B
7978,A
7979,D
7980,A
7981,B
7982,A
7983,A
7984,D
7985,A
7986,B
7987,A
7988,A
7989,B
7990,A
7991,A
7992,A
7993,A
7994,D
7995,A
7996,A
7997,A
7998,B
7999,C
8000,D
8001,B
8002,C
8003,A
8004,A
8005,C
8006,C
8007,A
8008,A
8009,A
8010,A
8011,A
8012,B
8013,B
8014,B
8015,B
8016,A
8017,B
8018,A
8019,A
8020,C
8021,A
8022,A
8023,A
8024,B
8025,C
8026,A
8027,A
8028,A
8029,D
8030,A
8031,A
8032,A
8033,B
8034,C
8035,A
8036,A
8037,A
8038,B
8039,A
8040,B
8041,A
8042,A
8043,A
8044,C
8045,A
8046,A
8047,D
8048,C
8049,A
8050,A
8051,C
8052,D
8053,A
8054,A
8055,B
8056,A
8057,A
8058,A
8059,A
8060,A
8061,B
8062,A
8063,A
8064,A
8065,A
8066,A
8067,A
8068,A
8069,A
8070,A
8071,A
8072,A
8073,A
8074,C
8075,A
8076,A
8077,A
8078,A
8079,D
8080,A
8081,A
8082,A
8083,A
8084,C
8085,A
8086,A
8087,C
8088,B
8089,A
8090,B
8091,A
8092,B
8093,A
8094,B
8095,A
8096,A
8097,B
8098,A
8099,A
8100,A
8101,A
8102,A
8103,A
8104,A
8105,A
8106,A
8107,A
8108,B
8109,A
8110,B
8111,A
8112,A
8113,A
8114,A
8115,A
8116,A
8117,B
8118,A
8119,C
8120,B
8121,A
8122,B
8123,B
8124,A
8125,A
8126,B
8127,A
8128,A
8129,C
8130,B
8131,B
8132,A
8133,B
8134,A
8135,A
8136,A
8137,D
8138,A
8139,A
8140,B
8141,A
8142,A
8143,A
8144,A
8145,A
8146,A
8147,B
8148,A
8149,A
8150,B
8151,C
8152,A
8153,A
8154,A
8155,A
8156,C
8157,B
8158,C
8159,B
8160,B
8161,A
8162,A
8163,A
8164,A
8165,A
8166,D
8167,A
8168,A
8169,A
8170,A
8171,C
8172,C
8173,A
8174,B
8175,A
8176,A
8177,A
8178,B
8179,A
8180,A
8181,A
8182,B
8183,A
8184,A
8185,D
8186,B
8187,A
8188,A
8189,A
8190,A
8191,A
8192,A
8193,A
8194,A
8195,A
8196,A
8197,B
8198,A
8199,A
8200,A
8201,B
8202,A
8203,A
8204,A
8205,A
8206,A
8207,B
8208,D
8209,A
8210,A
8211,A
8212,C
8213,A
8214,C
8215,C
8216,A
8217,A
8218,A
8219,A
8220,A
8221,A
8222,A
8223,A
8224,A
8225,A
8226,A
8227,C
8228,C
8229,A
8230,C
8231,B
8232,A
8233,A
8234,A
8235,A
8236,A
8237,A
8238,A
8239,A
8240,A
8241,A
8242,A
8243,C
8244,B
8245,B
8246,A
8247,A
8248,A
8249,B
8250,A
8251,A
8252,A
8253,B
8254,A
8255,A
8256,B
8257,A
8258,A
8259,A
8260,A
8261,A
8262,A
8263,A
8264,A
8265,A
8266,C
8267,A
8268,A
8269,B
8270,A
8271,A
8272,B
8273,A
8274,C
8275,A
8276,A
8277,A
8278,A
8279,A
8280,A
8281,A
8282,A
8283,A
8284,A
8285,A
8286,A
8287,C
8288,A
8289,A
8290,B
8291,A
8292,A
8293,A
8294,A
8295,A
8296,A
8297,C
8298,A
8299,A
8300,A
8301,A
8302,A
8303,A
8304,B
8305,A
8306,A
8307,A
8308,C
8309,C
8310,A
8311,A
8312,A
8313,C
8314,A
8315,A
8316,A
8317,A
8318,C
8319,A
8320,A
8321,B
8322,A
8323,A
8324,A
8325,A
8326,C
8327,A
8328,C
8329,B
8330,A
8331,A
8332,A
8333,A
8334,A
8335,A
8336,B
8337,A
8338,A
8339,A
8340,C
8341,A
8342,C
8343,B
8344,B
8345,C
8346,A
8347,A
8348,A
8349,A
8350,A
8351,B
8352,D
8353,B
8354,C
8355,B
8356,A
8357,A
8358,A
8359,A
8360,B
8361,A
8362,A
8363,A
8364,A
8365,A
8366,A
8367,A
8368,A
8369,A
8370,A
8371,C
8372,B
8373,A
8374,A
8375,C
8376,A
8377,C
8378,B
8379,B
8380,A
8381,D
8382,A
8383,D
8384,A
8385,B
8386,D
8387,B
8388,B
8389,A
8390,A
8391,A
8392,A
8393,C
8394,A
8395,A
8396,A
8397,A
8398,A
8399,A
8400,A
8401,A
8402,B
8403,A
8404,A
8405,A
8406,A
8407,A
8408,A
8409,A
8410,A
8411,A
8412,A
8413,B
8414,C
8415,A
8416,A
8417,A
8418,A
8419,A
8420,A
8421,B
8422,C
8423,A
8424,A
8425,A
8426,A
8427,A
8428,A
8429,A
8430,A
8431,A
8432,A
8433,A
8434,C
8435,A
8436,B
8437,A
8438,B
8439,A
8440,D
8441,A
8442,B
8443,A
8444,A
8445,B
8446,C
8447,B
8448,A
8449,C
8450,B
8451,D
8452,A
8453,A
8454,A
8455,A
8456,B
8457,A
8458,C
8459,A
8460,A
8461,A
8462,A
8463,B
8464,A
8465,A
8466,A
8467,C
8468,A
8469,A
8470,A
8471,A
8472,A
8473,A
8474,B
8475,C
8476,A
8477,A
8478,A
8479,A
8480,A
8481,C
8482,A
8483,A
8484,A
8485,A
8486,B
8487,A
8488,A
8489,C
8490,A
8491,A
8492,A
8493,A
8494,B
8495,B
8496,B
8497,A
8498,A
8499,A
8500,A
8501,A
8502,B
8503,A
8504,A
8505,D
8506,A
8507,A
8508,B
8509,A
8510,A
8511,A
8512,A
8513,A
8514,A
8515,A
8516,A
8517,A
8518,A
8519,A
8520,A
8521,A
8522,A
8523,A
8524,D
8525,A
8526,A
8527,A
8528,A
8529,A
8530,A
8531,A
8532,A
8533,A
8534,A
8535,A
8536,A
8537,A
8538,A
8539,A
8540,C
8541,A
8542,D
8543,A
8544,A
8545,B
8546,A
8547,A
8548,A
8549,A
8550,A
8551,A
8552,A
8553,A
8554,A
8555,B
8556,A
8557,A
8558,A
8559,A
8560,A
8561,A
8562,A
8563,A
8564,A
8565,A
8566,A
8567,C
8568,A
8569,A
8570,B
8571,A
8572,A
8573,A
8574,A
8575,A
8576,A
8577,B
8578,A
8579,A
8580,B
8581,D
8582,A
8583,A
8584,B
8585,A
8586,B
8587,A
8588,A
8589,A
8590,B
8591,A
8592,A
8593,A
8594,B
8595,A
8596,A
8597,A
8598,A
8599,A
8600,A
8601,A
8602,A
8603,A
8604,A
8605,A
8606,A
8607,A
8608,B
8609,B
8610,B
8611,A
8612,C
8613,A
8614,D
8615,A
8616,A
8617,A
8618,A
8619,A
8620,A
8621,A
8622,A
8623,A
8624,A
8625,A
8626,A
8627,A
8628,A
8629,A
8630,A
8631,A
8632,B
8633,B
8634,A
8635,A
8636,A
8637,B
8638,A
8639,A
8640,A
8641,A
8642,B
8643,A
8644,A
8645,A
8646,A
8647,B
8648,A
8649,A
8650,A
8651,A
8652,B
8653,C
8654,A
8655,A
8656,B
8657,A
8658,B
8659,A
8660,A
8661,C
8662,B
8663,A
8664,A
8665,A
8666,A
8667,A
8668,A
8669,A
8670,A
8671,A
8672,A
8673,A
8674,A
8675,D
8676,A
8677,A
8678,A
8679,A
8680,B
8681,A
8682,B
8683,A
8684,A
8685,B
8686,B
8687,A
8688,A
8689,A
8690,A
8691,A
8692,A
8693,A
8694,A
8695,A
8696,A
8697,D
8698,A
8699,A
8700,A
8701,A
8702,A
8703,A
8704,A
8705,A
8706,A
8707,A
8708,A
8709,A
8710,A
8711,B
8712,A
8713,A
8714,A
8715,A
8716,A
8717,B
8718,A
8719,A
8720,A
8721,A
8722,A
8723,A
8724,A
8725,B
8726,A
8727,A
8728,A
8729,A
8730,A
8731,A
8732,A
8733,A
8734,A
8735,A
8736,A
8737,A
8738,A
8739,A
8740,D
8741,B
8742,B
8743,A
8744,A
8745,A
8746,A
8747,A
8748,C
8749,A
8750,A
8751,D
8752,A
8753,A
8754,A
8755,A
8756,A
8757,A
8758,B
8759,B
8760,A
8761,A
8762,A
8763,B
8764,A
8765,A
8766,A
8767,A
8768,A
8769,B
8770,A
8771,A
8772,A
8773,A
8774,A
8775,B
8776,A
8777,C
8778,A
8779,A
8780,A
8781,A
8782,A
8783,B
8784,A
8785,A
8786,A
8787,A
8788,A
8789,A
8790,A
8791,A
8792,A
8793,B
8794,A
8795,C
8796,C
8797,A
8798,A
8799,B
8800,A
8801,C
8802,A
8803,A
8804,A
8805,A
8806,A
8807,D
8808,B
8809,A
8810,A
8811,A
8812,B
8813,A
8814,A
8815,A
8816,C
8817,B
8818,B
8819,A
8820,A
8821,A
8822,B
8823,A
8824,A
8825,A
8826,B
8827,B
8828,D
8829,A
8830,A
8831,A
8832,A
8833,A
8834,A
8835,A
8836,A
8837,A
8838,A
8839,A
8840,B
8841,A
8842,A
8843,A
8844,A
8845,A
8846,C
8847,A
8848,A
8849,A
8850,A
8851,A
8852,A
8853,A
8854,A
8855,A
8856,A
8857,A
8858,A
8859,A
8860,A
8861,D
8862,D
8863,A
8864,A
8865,A
8866,A
8867,D
8868,A
8869,A
8870,B
8871,A
8872,A
8873,A
8874,A
8875,A
8876,A
8877,A
8878,A
8879,A
8880,A
8881,A
8882,A
8883,A
8884,B
8885,A
8886,A
8887,A
8888,B
8889,B
8890,A
8891,A
8892,A
8893,A
8894,A
8895,A
8896,C
8897,A
8898,A
8899,A
8900,A
8901,A
8902,A
8903,A
8904,A
8905,A
8906,A
8907,A
8908,A
8909,C
8910,A
8911,A
8912,B
8913,A
8914,D
8915,B
8916,A
8917,B
8918,A
8919,A
8920,B
8921,B
8922,C
8923,A
8924,A
8925,A
8926,A
8927,B
8928,A
8929,A
8930,A
8931,A
8932,A
8933,A
8934,A
8935,A
8936,A
8937,B
8938,A
8939,A
8940,B
8941,D
8942,A
8943,A
8944,A
8945,C
8946,D
8947,B
8948,D
8949,A
8950,A
8951,A
8952,A
8953,A
8954,A
8955,A
8956,A
8957,A
8958,A
8959,A
8960,A
8961,B
8962,A
8963,A
8964,A
8965,A
8966,A
8967,A
8968,C
8969,B
8970,B
8971,B
8972,A
8973,B
8974,C
8975,A
8976,B
8977,A
8978,A
8979,B
8980,A
8981,A
8982,B
8983,A
8984,C
8985,A
8986,A
8987,B
8988,A
8989,A
8990,A
8991,B
8992,A
8993,A
8994,C
8995,A
8996,B
8997,A
8998,A
8999,A
9000,A
9001,A
9002,A
9003,A
9004,A
9005,A
9006,A
9007,A
9008,A
9009,A
9010,B
9011,B
9012,A
9013,C
9014,A
9015,B
9016,C
9017,A
9018,A
9019,A
9020,A
9021,A
9022,B
9023,A
9024,A
9025,A
9026,A
9027,A
9028,A
9029,A
9030,A
9031,A
9032,A
9033,A
9034,A
9035,B
9036,A
9037,A
9038,B
9039,A
9040,A
9041,C
9042,A
9043,A
9044,A
9045,A
9046,A
9047,B
9048,A
9049,A
9050,B
9051,A
9052,A
9053,A
9054,A
9055,A
9056,A
9057,A
9058,A
9059,B
9060,A
9061,A
9062,B
9063,A
9064,B
9065,A
9066,A
9067,A
9068,A
9069,A
9070,A
9071,A
9072,A
9073,A
9074,B
9075,B
9076,A
9077,B
9078,A
9079,A
9080,A
9081,A
9082,B
9083,A
9084,B
9085,A
9086,D
9087,B
9088,A
9089,A
9090,A
9091,A
9092,A
9093,A
9094,A
9095,A
9096,A
9097,B
9098,A
9099,B
9100,A
9101,A
9102,A
9103,A
9104,B
9105,B
9106,A
9107,A
9108,A
9109,B
9110,A
9111,A
9112,A
9113,A
9114,A
9115,B
9116,D
9117,A
9118,A
9119,A
9120,A
9121,A
9122,A
9123,B
9124,A
9125,A
9126,A
9127,A
9128,A
9129,A
9130,A
9131,A
9132,B
9133,A
9134,D
9135,A
9136,A
9137,A
9138,A
9139,A
9140,A
9141,A
9142,A
9143,A
9144,A
9145,A
9146,B
9147,A
9148,A
9149,A
9150,A
9151,A
9152,A
9153,A
9154,A
9155,B
9156,A
9157,A
9158,A
9159,A
9160,D
9161,A
9162,C
9163,A
9164,A
9165,A
9166,A
9167,C
9168,A
9169,A
9170,A
9171,A
9172,A
9173,A
9174,A
9175,B
9176,A
9177,C
9178,A
9179,A
9180,A
9181,A
9182,A
9183,A
9184,A
9185,A
9186,A
9187,A
9188,A
9189,A
9190,A
9191,A
9192,A
9193,A
9194,A
9195,B
9196,A
9197,C
9198,A
9199,B
9200,A
9201,B
9202,C
9203,A
9204,A
9205,A
9206,A
9207,A
9208,A
9209,C
9210,A
9211,A
9212,C
9213,A
9214,B
9215,A
9216,A
9217,A
9218,A
9219,B
9220,B
9221,A
9222,A
9223,A
9224,B
9225,A
9226,A
9227,A
9228,B
9229,A
9230,A
9231,A
9232,A
9233,B
9234,A
9235,A
9236,B
9237,A
9238,C
9239,B
9240,A
9241,A
9242,A
9243,A
9244,A
9245,A
9246,A
9247,B
9248,A
9249,A
9250,C
9251,A
9252,A
9253,C
9254,C
9255,A
9256,A
9257,A
9258,D
9259,A
9260,A
9261,A
9262,B
9263,A
9264,B
9265,A
9266,A
9267,A
9268,B
9269,A
9270,A
9271,A
9272,A
9273,A
9274,A
9275,B
9276,A
9277,A
9278,A
9279,A
9280,A
9281,B
9282,A
9283,A
9284,A
9285,A
9286,A
9287,A
9288,A
9289,A
9290,D
9291,A
9292,B
9293,A
9294,A
9295,C
9296,B
9297,A
9298,A
9299,A
9300,A
9301,C
9302,A
9303,B
9304,A
9305,A
9306,A
9307,A
9308,A
9309,A
9310,A
9311,A
9312,A
9313,B
9314,A
9315,B
9316,B
9317,A
9318,B
9319,A
9320,A
9321,B
9322,B
9323,A
9324,A
9325,A
9326,C
9327,A
9328,A
9329,C
9330,A
9331,A
9332,A
9333,A
9334,A
9335,B
9336,A
9337,C
9338,A
9339,A
9340,A
9341,A
9342,A
9343,B
9344,A
9345,B
9346,A
9347,A
9348,A
9349,A
9350,B
9351,A
9352,A
9353,A
9354,A
9355,A
9356,C
9357,B
9358,B
9359,A
9360,A
9361,A
9362,A
9363,A
9364,A
9365,A
9366,A
9367,A
9368,A
9369,B
9370,A
9371,A
9372,A
9373,A
9374,A
9375,A
9376,A
9377,A
9378,A
9379,A
9380,A
9381,A
9382,A
9383,A
9384,A
9385,A
9386,C
9387,B
9388,C
9389,B
9390,A
9391,A
9392,C
9393,A
9394,B
9395,C
9396,A
9397,A
9398,B
9399,A
9400,A
9401,A
9402,A
9403,A
9404,A
9405,A
9406,A
9407,A
9408,D
9409,A
9410,A
9411,A
9412,A
9413,A
9414,A
9415,A
9416,A
9417,A
9418,A
9419,A
9420,A
9421,A
9422,A
9423,A
9424,A
9425,A
9426,A
9427,A
9428,B
9429,A
9430,A
9431,A
9432,B
9433,A
9434,A
9435,A
9436,C
9437,A
9438,A
9439,A
9440,A
9441,C
9442,A
9443,A
9444,A
9445,A
9446,A
9447,A
9448,C
9449,A
9450,A
9451,A
9452,C
9453,A
9454,A
9455,A
9456,A
9457,C
9458,B
9459,A
9460,A
9461,B
9462,D
9463,A
9464,A
9465,B
9466,A
9467,A
9468,A
9469,A
9470,A
9471,A
9472,A
9473,A
9474,B
9475,A
9476,A
9477,B
9478,A
9479,A
9480,A
9481,A
9482,A
9483,B
9484,A
9485,B
9486,D
9487,B
9488,B
9489,C
9490,B
9491,A
9492,B
9493,A
9494,A
9495,A
9496,A
9497,A
9498,B
9499,A
